,rates,start_at,base,end_at,EUR,INR,GBP
2018-01-02,"{'INR': 63.4898466639, 'EUR': 0.8288437630000001, 'GBP': 0.7372813925}",2018-01-01,USD,2020-03-31,0.8288437630000001,63.4898466639,0.7372813925
2018-01-03,"{'INR': 63.4995425435, 'EUR': 0.8317391666, 'GBP': 0.7372535973000001}",2018-01-01,USD,2020-03-31,0.8317391666,63.4995425435,0.7372535973000001
2018-01-04,"{'INR': 63.4048901782, 'EUR': 0.8288437630000001, 'GBP': 0.7385246581}",2018-01-01,USD,2020-03-31,0.8288437630000001,63.4048901782,0.7385246581
2018-01-05,"{'INR': 63.3698630137, 'EUR': 0.8302200083, 'GBP': 0.7379244500000001}",2018-01-01,USD,2020-03-31,0.8302200083,63.3698630137,0.7379244500000001
2018-01-08,"{'INR': 63.5074751524, 'EUR': 0.8352125616, 'GBP': 0.7384364821}",2018-01-01,USD,2020-03-31,0.8352125616,63.5074751524,0.7384364821
2018-01-09,"{'INR': 63.712286289, 'EUR': 0.8380824673, 'GBP': 0.7397753939}",2018-01-01,USD,2020-03-31,0.8380824673,63.712286289,0.7397753939
2018-01-10,"{'INR': 63.5948965977, 'EUR': 0.8338892595, 'GBP': 0.7394096064}",2018-01-01,USD,2020-03-31,0.8338892595,63.5948965977,0.7394096064
2018-01-11,"{'INR': 63.6876924357, 'EUR': 0.8321544479, 'GBP': 0.7412415744}",2018-01-01,USD,2020-03-31,0.8321544479,63.6876924357,0.7412415744
2018-01-12,"{'INR': 63.6001483068, 'EUR': 0.8239268353, 'GBP': 0.7331548159}",2018-01-01,USD,2020-03-31,0.8239268353,63.6001483068,0.7331548159
2018-01-15,"{'INR': 63.5175531482, 'EUR': 0.8145312373, 'GBP': 0.7252830496}",2018-01-01,USD,2020-03-31,0.8145312373,63.5175531482,0.7252830496
2018-01-16,"{'INR': 64.0474243663, 'EUR': 0.8176614881000001, 'GBP': 0.7265739984}",2018-01-01,USD,2020-03-31,0.8176614881000001,64.0474243663,0.7265739984
2018-01-17,"{'INR': 63.9277226911, 'EUR': 0.8194706220000001, 'GBP': 0.7257887405}",2018-01-01,USD,2020-03-31,0.8194706220000001,63.9277226911,0.7257887405
2018-01-18,"{'INR': 63.8504290969, 'EUR': 0.8173273396, 'GBP': 0.7209480997000001}",2018-01-01,USD,2020-03-31,0.8173273396,63.8504290969,0.7209480997000001
2018-01-19,"{'INR': 63.8425132599, 'EUR': 0.8159934721000001, 'GBP': 0.7210526316}",2018-01-01,USD,2020-03-31,0.8159934721000001,63.8425132599,0.7210526316
2018-01-22,"{'INR': 63.9124928507, 'EUR': 0.8170602173, 'GBP': 0.7197074924}",2018-01-01,USD,2020-03-31,0.8170602173,63.9124928507,0.7197074924
2018-01-23,"{'INR': 63.775002041, 'EUR': 0.8163931750000001, 'GBP': 0.7170381256}",2018-01-01,USD,2020-03-31,0.8163931750000001,63.775002041,0.7170381256
2018-01-24,"{'INR': 63.6925194301, 'EUR': 0.8095854922, 'GBP': 0.7058209197}",2018-01-01,USD,2020-03-31,0.8095854922,63.6925194301,0.7058209197
2018-01-25,"{'INR': 63.5649230273, 'EUR': 0.8059966148000001, 'GBP': 0.7015233336000001}",2018-01-01,USD,2020-03-31,0.8059966148000001,63.5649230273,0.7015233336000001
2018-01-26,"{'INR': 63.6100836282, 'EUR': 0.8041170794, 'GBP': 0.7022756513}",2018-01-01,USD,2020-03-31,0.8041170794,63.6100836282,0.7022756513
2018-01-29,"{'INR': 63.5798529768, 'EUR': 0.8078196946, 'GBP': 0.7103966395}",2018-01-01,USD,2020-03-31,0.8078196946,63.5798529768,0.7103966395
2018-01-30,"{'INR': 63.6478544401, 'EUR': 0.8050881572, 'GBP': 0.7079140166}",2018-01-01,USD,2020-03-31,0.8050881572,63.6478544401,0.7079140166
2018-01-31,"{'INR': 63.562655535, 'EUR': 0.8027614996, 'GBP': 0.7057076343}",2018-01-01,USD,2020-03-31,0.8027614996,63.562655535,0.7057076343
2018-02-01,"{'INR': 64.0227947668, 'EUR': 0.802632635, 'GBP': 0.7024640822}",2018-01-01,USD,2020-03-31,0.802632635,64.0227947668,0.7024640822
2018-02-02,"{'INR': 64.0573967339, 'EUR': 0.8005123279, 'GBP': 0.7032500801}",2018-01-01,USD,2020-03-31,0.8005123279,64.0573967339,0.7032500801
2018-02-05,"{'INR': 64.1024919614, 'EUR': 0.8038585209, 'GBP': 0.7119614148000001}",2018-01-01,USD,2020-03-31,0.8038585209,64.1024919614,0.7119614148000001
2018-02-06,"{'INR': 64.272447076, 'EUR': 0.8110957904, 'GBP': 0.7209424933}",2018-01-01,USD,2020-03-31,0.8110957904,64.272447076,0.7209424933
2018-02-07,"{'INR': 64.2450153996, 'EUR': 0.8105041336000001, 'GBP': 0.7187145404}",2018-01-01,USD,2020-03-31,0.8105041336000001,64.2450153996,0.7187145404
2018-02-08,"{'INR': 64.2927685276, 'EUR': 0.8161932746, 'GBP': 0.7142752204}",2018-01-01,USD,2020-03-31,0.8161932746,64.2927685276,0.7142752204
2018-02-09,"{'INR': 64.3726065347, 'EUR': 0.8147967082, 'GBP': 0.7230505989}",2018-01-01,USD,2020-03-31,0.8147967082,64.3726065347,0.7230505989
2018-02-12,"{'INR': 64.3349914377, 'EUR': 0.8154611433000001, 'GBP': 0.7224985729000001}",2018-01-01,USD,2020-03-31,0.8154611433000001,64.3349914377,0.7224985729000001
2018-02-13,"{'INR': 64.2771426255, 'EUR': 0.8108327252, 'GBP': 0.7211140842}",2018-01-01,USD,2020-03-31,0.8108327252,64.2771426255,0.7211140842
2018-02-14,"{'INR': 64.072319404, 'EUR': 0.8098477486000001, 'GBP': 0.7210884354}",2018-01-01,USD,2020-03-31,0.8098477486000001,64.072319404,0.7210884354
2018-02-15,"{'INR': 63.9149923957, 'EUR': 0.800448251, 'GBP': 0.7096774194000001}",2018-01-01,USD,2020-03-31,0.800448251,63.9149923957,0.7096774194000001
2018-02-16,"{'INR': 64.2201540436, 'EUR': 0.8023106547000001, 'GBP': 0.7124759307}",2018-01-01,USD,2020-03-31,0.8023106547000001,64.2201540436,0.7124759307
2018-02-19,"{'INR': 64.2526188558, 'EUR': 0.8058017728, 'GBP': 0.7138597905}",2018-01-01,USD,2020-03-31,0.8058017728,64.2526188558,0.7138597905
2018-02-20,"{'INR': 64.8322528363, 'EUR': 0.8103727715, 'GBP': 0.7144894652}",2018-01-01,USD,2020-03-31,0.8103727715,64.8322528363,0.7144894652
2018-02-21,"{'INR': 64.7575536062, 'EUR': 0.8122157245, 'GBP': 0.7185103964}",2018-01-01,USD,2020-03-31,0.8122157245,64.7575536062,0.7185103964
2018-02-22,"{'INR': 65.0777940697, 'EUR': 0.8145975888, 'GBP': 0.7196399479000001}",2018-01-01,USD,2020-03-31,0.8145975888,65.0777940697,0.7196399479000001
2018-02-23,"{'INR': 64.7625823238, 'EUR': 0.8130742337, 'GBP': 0.7150174811000001}",2018-01-01,USD,2020-03-31,0.8130742337,64.7625823238,0.7150174811000001
2018-02-26,"{'INR': 64.7751623377, 'EUR': 0.8116883117, 'GBP': 0.7128246753}",2018-01-01,USD,2020-03-31,0.8116883117,64.7751623377,0.7128246753
2018-02-27,"{'INR': 64.8752133973, 'EUR': 0.8129420372, 'GBP': 0.7186407609000001}",2018-01-01,USD,2020-03-31,0.8129420372,64.8752133973,0.7186407609000001
2018-02-28,"{'INR': 65.1899459636, 'EUR': 0.8187326019000001, 'GBP': 0.72388243}",2018-01-01,USD,2020-03-31,0.8187326019000001,65.1899459636,0.72388243
2018-03-01,"{'INR': 65.1750061622, 'EUR': 0.8216251746000001, 'GBP': 0.7273026046000001}",2018-01-01,USD,2020-03-31,0.8216251746000001,65.1750061622,0.7273026046000001
2018-03-02,"{'INR': 65.2375730994, 'EUR': 0.8122157245, 'GBP': 0.7254710851}",2018-01-01,USD,2020-03-31,0.8122157245,65.2375730994,0.7254710851
2018-03-05,"{'INR': 65.1072560332, 'EUR': 0.8125457057000001, 'GBP': 0.7237344601}",2018-01-01,USD,2020-03-31,0.8125457057000001,65.1072560332,0.7237344601
2018-03-06,"{'INR': 64.9299008944, 'EUR': 0.8057368463, 'GBP': 0.718435259}",2018-01-01,USD,2020-03-31,0.8057368463,64.9299008944,0.718435259
2018-03-07,"{'INR': 64.8932914553, 'EUR': 0.8053475074, 'GBP': 0.7208907143000001}",2018-01-01,USD,2020-03-31,0.8053475074,64.8932914553,0.7208907143000001
2018-03-08,"{'INR': 65.1300217374, 'EUR': 0.8050881572, 'GBP': 0.7202721198}",2018-01-01,USD,2020-03-31,0.8050881572,65.1300217374,0.7202721198
2018-03-09,"{'INR': 65.1952648279, 'EUR': 0.8136034497, 'GBP': 0.7232365145}",2018-01-01,USD,2020-03-31,0.8136034497,65.1952648279,0.7232365145
2018-03-12,"{'INR': 65.0125995773, 'EUR': 0.8128759551, 'GBP': 0.7201268086}",2018-01-01,USD,2020-03-31,0.8128759551,65.0125995773,0.7201268086
2018-03-13,"{'INR': 64.8602359024, 'EUR': 0.8078849572, 'GBP': 0.7161900145}",2018-01-01,USD,2020-03-31,0.8078849572,64.8602359024,0.7161900145
2018-03-14,"{'INR': 64.8374969682, 'EUR': 0.8084727949, 'GBP': 0.7165494381}",2018-01-01,USD,2020-03-31,0.8084727949,64.8374969682,0.7165494381
2018-03-15,"{'INR': 64.950166113, 'EUR': 0.8103071064, 'GBP': 0.7169597277}",2018-01-01,USD,2020-03-31,0.8103071064,64.950166113,0.7169597277
2018-03-16,"{'INR': 64.9272416877, 'EUR': 0.8129420372, 'GBP': 0.7174457361000001}",2018-01-01,USD,2020-03-31,0.8129420372,64.9272416877,0.7174457361000001
2018-03-19,"{'INR': 65.1925420424, 'EUR': 0.812413681, 'GBP': 0.7116175156}",2018-01-01,USD,2020-03-31,0.812413681,65.1925420424,0.7116175156
2018-03-20,"{'INR': 65.1979472141, 'EUR': 0.8145975888, 'GBP': 0.714524275}",2018-01-01,USD,2020-03-31,0.8145975888,65.1979472141,0.714524275
2018-03-21,"{'INR': 65.2099951164, 'EUR': 0.8139345597000001, 'GBP': 0.7114032232}",2018-01-01,USD,2020-03-31,0.8139345597000001,65.2099951164,0.7114032232
2018-03-22,"{'INR': 65.1047417993, 'EUR': 0.8119519324000001, 'GBP': 0.7080220851}",2018-01-01,USD,2020-03-31,0.8119519324000001,65.1047417993,0.7080220851
2018-03-23,"{'INR': 65.0048598736, 'EUR': 0.8099789405000001, 'GBP': 0.7069901183}",2018-01-01,USD,2020-03-31,0.8099789405000001,65.0048598736,0.7069901183
2018-03-26,"{'INR': 64.8702763677, 'EUR': 0.8057368463, 'GBP': 0.7029892837}",2018-01-01,USD,2020-03-31,0.8057368463,64.8702763677,0.7029892837
2018-03-27,"{'INR': 64.9749515191, 'EUR': 0.8080155139, 'GBP': 0.7105688429}",2018-01-01,USD,2020-03-31,0.8080155139,64.9749515191,0.7105688429
2018-03-28,"{'INR': 65.1722051944, 'EUR': 0.8065817067000001, 'GBP': 0.7066059042}",2018-01-01,USD,2020-03-31,0.8065817067000001,65.1722051944,0.7066059042
2018-03-29,"{'INR': 65.1700348998, 'EUR': 0.8116224332, 'GBP': 0.7100884668}",2018-01-01,USD,2020-03-31,0.8116224332,65.1700348998,0.7100884668
2018-04-03,"{'INR': 65.0097497563, 'EUR': 0.812479688, 'GBP': 0.7111065973}",2018-01-01,USD,2020-03-31,0.812479688,65.0097497563,0.7111065973
2018-04-04,"{'INR': 65.1303356142, 'EUR': 0.8145975888, 'GBP': 0.7133675464}",2018-01-01,USD,2020-03-31,0.8145975888,65.1303356142,0.7133675464
2018-04-05,"{'INR': 64.927406199, 'EUR': 0.8156606852, 'GBP': 0.7128466558000001}",2018-01-01,USD,2020-03-31,0.8156606852,64.927406199,0.7128466558000001
2018-04-06,"{'INR': 64.9673042341, 'EUR': 0.8173941475000001, 'GBP': 0.713544221}",2018-01-01,USD,2020-03-31,0.8173941475000001,64.9673042341,0.713544221
2018-04-09,"{'INR': 64.9825260078, 'EUR': 0.8127438231, 'GBP': 0.7078023407}",2018-01-01,USD,2020-03-31,0.8127438231,64.9825260078,0.7078023407
2018-04-10,"{'INR': 64.9927190357, 'EUR': 0.8089960359, 'GBP': 0.7053070140000001}",2018-01-01,USD,2020-03-31,0.8089960359,64.9927190357,0.7053070140000001
2018-04-11,"{'INR': 65.3048288114, 'EUR': 0.8074935401000001, 'GBP': 0.7054263566}",2018-01-01,USD,2020-03-31,0.8074935401000001,65.3048288114,0.7054263566
2018-04-12,"{'INR': 65.2576482999, 'EUR': 0.8114907084, 'GBP': 0.703927615}",2018-01-01,USD,2020-03-31,0.8114907084,65.2576482999,0.703927615
2018-04-13,"{'INR': 65.2074368759, 'EUR': 0.8118860112, 'GBP': 0.7014695137}",2018-01-01,USD,2020-03-31,0.8118860112,65.2074368759,0.7014695137
2018-04-16,"{'INR': 65.4951495554, 'EUR': 0.8084074373, 'GBP': 0.6989894907}",2018-01-01,USD,2020-03-31,0.8084074373,65.4951495554,0.6989894907
2018-04-17,"{'INR': 65.6372906045, 'EUR': 0.8092579105000001, 'GBP': 0.6982277252}",2018-01-01,USD,2020-03-31,0.8092579105000001,65.6372906045,0.6982277252
2018-04-18,"{'INR': 65.6651598321, 'EUR': 0.8072328059, 'GBP': 0.7031401356}",2018-01-01,USD,2020-03-31,0.8072328059,65.6651598321,0.7031401356
2018-04-19,"{'INR': 65.787433371, 'EUR': 0.8076239703, 'GBP': 0.7024309482000001}",2018-01-01,USD,2020-03-31,0.8076239703,65.787433371,0.7024309482000001
2018-04-20,"{'INR': 66.1223495004, 'EUR': 0.812413681, 'GBP': 0.7117393777000001}",2018-01-01,USD,2020-03-31,0.812413681,66.1223495004,0.7117393777000001
2018-04-23,"{'INR': 66.4197581304, 'EUR': 0.8171269815000001, 'GBP': 0.7161300866}",2018-01-01,USD,2020-03-31,0.8171269815000001,66.4197581304,0.7161300866
2018-04-24,"{'INR': 66.3854089904, 'EUR': 0.8187996397, 'GBP': 0.7161876689000001}",2018-01-01,USD,2020-03-31,0.8187996397,66.3854089904,0.7161876689000001
2018-04-25,"{'INR': 66.975379565, 'EUR': 0.8206811654, 'GBP': 0.7171112023}",2018-01-01,USD,2020-03-31,0.8206811654,66.975379565,0.7171112023
2018-04-26,"{'INR': 66.7521367521, 'EUR': 0.8218277449, 'GBP': 0.7158119658000001}",2018-01-01,USD,2020-03-31,0.8218277449,66.7521367521,0.7158119658000001
2018-04-27,"{'INR': 66.6648715824, 'EUR': 0.8285004143, 'GBP': 0.7265948633}",2018-01-01,USD,2020-03-31,0.8285004143,66.6648715824,0.7265948633
2018-04-30,"{'INR': 66.3701465353, 'EUR': 0.8278831029, 'GBP': 0.7282059773}",2018-01-01,USD,2020-03-31,0.8278831029,66.3701465353,0.7282059773
2018-05-02,"{'INR': 66.6656950112, 'EUR': 0.8328475056, 'GBP': 0.7332389439}",2018-01-01,USD,2020-03-31,0.8328475056,66.6656950112,0.7332389439
2018-05-03,"{'INR': 66.6248332221, 'EUR': 0.8338892595, 'GBP': 0.7353235490000001}",2018-01-01,USD,2020-03-31,0.8338892595,66.6248332221,0.7353235490000001
2018-05-04,"{'INR': 66.8618932242, 'EUR': 0.8354916869000001, 'GBP': 0.7371960899000001}",2018-01-01,USD,2020-03-31,0.8354916869000001,66.8618932242,0.7371960899000001
2018-05-07,"{'INR': 67.134935305, 'EUR': 0.8401949252, 'GBP': 0.7394555537}",2018-01-01,USD,2020-03-31,0.8401949252,67.134935305,0.7394555537
2018-05-08,"{'INR': 67.0850884583, 'EUR': 0.8424599832, 'GBP': 0.7407750632}",2018-01-01,USD,2020-03-31,0.8424599832,67.0850884583,0.7407750632
2018-05-09,"{'INR': 67.2623958246, 'EUR': 0.8418217022000001, 'GBP': 0.7361309875000001}",2018-01-01,USD,2020-03-31,0.8418217022000001,67.2623958246,0.7361309875000001
2018-05-10,"{'INR': 67.2592187237, 'EUR': 0.8418925745, 'GBP': 0.7392658697000001}",2018-01-01,USD,2020-03-31,0.8418925745,67.2592187237,0.7392658697000001
2018-05-11,"{'INR': 67.3370202782, 'EUR': 0.8379420144, 'GBP': 0.7373889727}",2018-01-01,USD,2020-03-31,0.8379420144,67.3370202782,0.7373889727
2018-05-14,"{'INR': 67.5296129463, 'EUR': 0.8341675008, 'GBP': 0.7360694027}",2018-01-01,USD,2020-03-31,0.8341675008,67.5296129463,0.7360694027
2018-05-15,"{'INR': 68.0568879912, 'EUR': 0.8415383321000001, 'GBP': 0.7397121939}",2018-01-01,USD,2020-03-31,0.8415383321000001,68.0568879912,0.7397121939
2018-05-16,"{'INR': 67.797437203, 'EUR': 0.8486082824000001, 'GBP': 0.7418363883}",2018-01-01,USD,2020-03-31,0.8486082824000001,67.797437203,0.7418363883
2018-05-17,"{'INR': 67.7378229564, 'EUR': 0.847098687, 'GBP': 0.7399407031}",2018-01-01,USD,2020-03-31,0.847098687,67.7378229564,0.7399407031
2018-05-18,"{'INR': 68.0005941771, 'EUR': 0.8488243782, 'GBP': 0.7412358883}",2018-01-01,USD,2020-03-31,0.8488243782,68.0005941771,0.7412358883
2018-05-21,"{'INR': 68.1418487967, 'EUR': 0.85041245, 'GBP': 0.7453014712}",2018-01-01,USD,2020-03-31,0.85041245,68.1418487967,0.7453014712
2018-05-22,"{'INR': 68.009581143, 'EUR': 0.8478887570000001, 'GBP': 0.7434966932}",2018-01-01,USD,2020-03-31,0.8478887570000001,68.009581143,0.7434966932
2018-05-23,"{'INR': 68.4194567817, 'EUR': 0.8541168432, 'GBP': 0.7512213871000001}",2018-01-01,USD,2020-03-31,0.8541168432,68.4194567817,0.7512213871000001
2018-05-24,"{'INR': 68.3773874488, 'EUR': 0.8526603001, 'GBP': 0.7458645975}",2018-01-01,USD,2020-03-31,0.8526603001,68.3773874488,0.7458645975
2018-05-25,"{'INR': 67.7948608137, 'EUR': 0.8565310493, 'GBP': 0.7498072805}",2018-01-01,USD,2020-03-31,0.8565310493,67.7948608137,0.7498072805
2018-05-28,"{'INR': 67.4407420131, 'EUR': 0.8588114050000001, 'GBP': 0.7511593954}",2018-01-01,USD,2020-03-31,0.8588114050000001,67.4407420131,0.7511593954
2018-05-29,"{'INR': 67.8369960201, 'EUR': 0.865201592, 'GBP': 0.7539626233000001}",2018-01-01,USD,2020-03-31,0.865201592,67.8369960201,0.7539626233000001
2018-05-30,"{'INR': 67.3899587345, 'EUR': 0.8596973865, 'GBP': 0.7522352132}",2018-01-01,USD,2020-03-31,0.8596973865,67.3899587345,0.7522352132
2018-05-31,"{'INR': 67.3578938371, 'EUR': 0.8547739123, 'GBP': 0.7494657663000001}",2018-01-01,USD,2020-03-31,0.8547739123,67.3578938371,0.7494657663000001
2018-06-01,"{'INR': 67.1128631417, 'EUR': 0.8569714629, 'GBP': 0.7513925786000001}",2018-01-01,USD,2020-03-31,0.8569714629,67.1128631417,0.7513925786000001
2018-06-04,"{'INR': 67.0631336798, 'EUR': 0.8520064752000001, 'GBP': 0.746979637}",2018-01-01,USD,2020-03-31,0.8520064752000001,67.0631336798,0.746979637
2018-06-05,"{'INR': 67.1498929336, 'EUR': 0.8565310493, 'GBP': 0.7485224839}",2018-01-01,USD,2020-03-31,0.8565310493,67.1498929336,0.7485224839
2018-06-06,"{'INR': 66.9196770081, 'EUR': 0.8499787505, 'GBP': 0.7452868678}",2018-01-01,USD,2020-03-31,0.8499787505,66.9196770081,0.7452868678
2018-06-07,"{'INR': 67.1155795877, 'EUR': 0.8448800270000001, 'GBP': 0.7445336262000001}",2018-01-01,USD,2020-03-31,0.8448800270000001,67.1155795877,0.7445336262000001
2018-06-08,"{'INR': 67.5021269355, 'EUR': 0.8507742045000001, 'GBP': 0.7464097329}",2018-01-01,USD,2020-03-31,0.8507742045000001,67.5021269355,0.7464097329
2018-06-11,"{'INR': 67.4283290925, 'EUR': 0.8481764207, 'GBP': 0.7479219678}",2018-01-01,USD,2020-03-31,0.8481764207,67.4283290925,0.7479219678
2018-06-12,"{'INR': 67.442738378, 'EUR': 0.8483203258, 'GBP': 0.7480064472}",2018-01-01,USD,2020-03-31,0.8483203258,67.442738378,0.7480064472
2018-06-13,"{'INR': 67.6079564774, 'EUR': 0.8500510031, 'GBP': 0.7498299898}",2018-01-01,USD,2020-03-31,0.8500510031,67.6079564774,0.7498299898
2018-06-14,"{'INR': 67.5980392157, 'EUR': 0.8525149190000001, 'GBP': 0.7475106564}",2018-01-01,USD,2020-03-31,0.8525149190000001,67.5980392157,0.7475106564
2018-06-15,"{'INR': 68.0152638841, 'EUR': 0.8623663332, 'GBP': 0.7530182822}",2018-01-01,USD,2020-03-31,0.8623663332,68.0152638841,0.7530182822
2018-06-18,"{'INR': 68.0396968914, 'EUR': 0.8611039352000001, 'GBP': 0.7548006544}",2018-01-01,USD,2020-03-31,0.8611039352000001,68.0396968914,0.7548006544
2018-06-19,"{'INR': 68.3778394312, 'EUR': 0.8670019074, 'GBP': 0.7602999827}",2018-01-01,USD,2020-03-31,0.8670019074,68.3778394312,0.7602999827
2018-06-20,"{'INR': 68.1119364312, 'EUR': 0.8637070306, 'GBP': 0.7590084643}",2018-01-01,USD,2020-03-31,0.8637070306,68.1119364312,0.7590084643
2018-06-21,"{'INR': 67.9619518114, 'EUR': 0.8667013347, 'GBP': 0.7572369561000001}",2018-01-01,USD,2020-03-31,0.8667013347,67.9619518114,0.7572369561000001
2018-06-22,"{'INR': 67.8485576923, 'EUR': 0.8585164835, 'GBP': 0.7526013049}",2018-01-01,USD,2020-03-31,0.8585164835,67.8485576923,0.7526013049
2018-06-25,"{'INR': 68.0726495726, 'EUR': 0.8547008547, 'GBP': 0.7524786325}",2018-01-01,USD,2020-03-31,0.8547008547,68.0726495726,0.7524786325
2018-06-26,"{'INR': 68.2912097327, 'EUR': 0.8567511995, 'GBP': 0.7553118574000001}",2018-01-01,USD,2020-03-31,0.8567511995,68.2912097327,0.7553118574000001
2018-06-27,"{'INR': 68.6070936639, 'EUR': 0.8608815427000001, 'GBP': 0.7590650826}",2018-01-01,USD,2020-03-31,0.8608815427000001,68.6070936639,0.7590650826
2018-06-28,"{'INR': 68.7930587931, 'EUR': 0.8633341967, 'GBP': 0.7642234309}",2018-01-01,USD,2020-03-31,0.8633341967,68.7930587931,0.7642234309
2018-06-29,"{'INR': 68.4620003431, 'EUR': 0.8577800652, 'GBP': 0.7600360268}",2018-01-01,USD,2020-03-31,0.8577800652,68.4620003431,0.7600360268
2018-07-02,"{'INR': 68.7949995704, 'EUR': 0.859180342, 'GBP': 0.7616633731}",2018-01-01,USD,2020-03-31,0.859180342,68.7949995704,0.7616633731
2018-07-03,"{'INR': 68.5220745821, 'EUR': 0.8572653236000001, 'GBP': 0.7573939134000001}",2018-01-01,USD,2020-03-31,0.8572653236000001,68.5220745821,0.7573939134000001
2018-07-04,"{'INR': 68.7399072324, 'EUR': 0.8589589418, 'GBP': 0.7568115444}",2018-01-01,USD,2020-03-31,0.8589589418,68.7399072324,0.7568115444
2018-07-05,"{'INR': 68.9469638739, 'EUR': 0.8540438979, 'GBP': 0.7542061662}",2018-01-01,USD,2020-03-31,0.8540438979,68.9469638739,0.7542061662
2018-07-06,"{'INR': 68.8723984988, 'EUR': 0.8529512112000001, 'GBP': 0.7556721256000001}",2018-01-01,USD,2020-03-31,0.8529512112000001,68.8723984988,0.7556721256000001
2018-07-09,"{'INR': 68.6729154296, 'EUR': 0.8482483671000001, 'GBP': 0.7493850199000001}",2018-01-01,USD,2020-03-31,0.8482483671000001,68.6729154296,0.7493850199000001
2018-07-10,"{'INR': 68.8269444207, 'EUR': 0.8537522411, 'GBP': 0.7541876547}",2018-01-01,USD,2020-03-31,0.8537522411,68.8269444207,0.7541876547
2018-07-11,"{'INR': 68.7724755006, 'EUR': 0.8521516830000001, 'GBP': 0.7540008522}",2018-01-01,USD,2020-03-31,0.8521516830000001,68.7724755006,0.7540008522
2018-07-12,"{'INR': 68.5199004975, 'EUR': 0.8577800652, 'GBP': 0.7571024189000001}",2018-01-01,USD,2020-03-31,0.8577800652,68.5199004975,0.7571024189000001
2018-07-13,"{'INR': 68.4806321395, 'EUR': 0.8588851671000001, 'GBP': 0.7600103066}",2018-01-01,USD,2020-03-31,0.8588851671000001,68.4806321395,0.7600103066
2018-07-16,"{'INR': 68.5593003413, 'EUR': 0.8532423208000001, 'GBP': 0.7531569966}",2018-01-01,USD,2020-03-31,0.8532423208000001,68.5593003413,0.7531569966
2018-07-17,"{'INR': 68.4551977449, 'EUR': 0.8541898010000001, 'GBP': 0.7578799009}",2018-01-01,USD,2020-03-31,0.8541898010000001,68.4551977449,0.7578799009
2018-07-18,"{'INR': 68.6280251486, 'EUR': 0.8612522608000001, 'GBP': 0.7675307898}",2018-01-01,USD,2020-03-31,0.8612522608000001,68.6280251486,0.7675307898
2018-07-19,"{'INR': 69.0503106662, 'EUR': 0.8629616845, 'GBP': 0.7706075250000001}",2018-01-01,USD,2020-03-31,0.8629616845,69.0503106662,0.7706075250000001
2018-07-20,"{'INR': 68.8269065981, 'EUR': 0.8568980291, 'GBP': 0.7664524422}",2018-01-01,USD,2020-03-31,0.8568980291,68.8269065981,0.7664524422
2018-07-23,"{'INR': 68.8571184705, 'EUR': 0.8535336292, 'GBP': 0.7610959372}",2018-01-01,USD,2020-03-31,0.8535336292,68.8571184705,0.7610959372
2018-07-24,"{'INR': 68.9475482658, 'EUR': 0.8542627712, 'GBP': 0.7618144541}",2018-01-01,USD,2020-03-31,0.8542627712,68.9475482658,0.7618144541
2018-07-25,"{'INR': 68.745936698, 'EUR': 0.8554319932000001, 'GBP': 0.7600940975}",2018-01-01,USD,2020-03-31,0.8554319932000001,68.745936698,0.7600940975
2018-07-26,"{'INR': 68.6650734039, 'EUR': 0.8535336292, 'GBP': 0.7584499829}",2018-01-01,USD,2020-03-31,0.8535336292,68.6650734039,0.7584499829
2018-07-27,"{'INR': 68.6851612903, 'EUR': 0.8602150538000001, 'GBP': 0.7640688172000001}",2018-01-01,USD,2020-03-31,0.8602150538000001,68.6851612903,0.7640688172000001
2018-07-30,"{'INR': 68.6378808627, 'EUR': 0.8558712770000001, 'GBP': 0.7623245464}",2018-01-01,USD,2020-03-31,0.8558712770000001,68.6378808627,0.7623245464
2018-07-31,"{'INR': 68.545074983, 'EUR': 0.8520790729000001, 'GBP': 0.7602249489}",2018-01-01,USD,2020-03-31,0.8520790729000001,68.545074983,0.7602249489
2018-08-01,"{'INR': 68.3742305062, 'EUR': 0.8549931601, 'GBP': 0.7612859097}",2018-01-01,USD,2020-03-31,0.8549931601,68.3742305062,0.7612859097
2018-08-02,"{'INR': 68.6851166394, 'EUR': 0.8608074374, 'GBP': 0.76736679}",2018-01-01,USD,2020-03-31,0.8608074374,68.6851166394,0.76736679
2018-08-03,"{'INR': 68.6158094581, 'EUR': 0.8629616845, 'GBP': 0.76846738}",2018-01-01,USD,2020-03-31,0.8629616845,68.6158094581,0.76846738
2018-08-06,"{'INR': 68.8642467296, 'EUR': 0.8663259118000001, 'GBP': 0.7734557741}",2018-01-01,USD,2020-03-31,0.8663259118000001,68.8642467296,0.7734557741
2018-08-07,"{'INR': 68.6821237718, 'EUR': 0.8619203586, 'GBP': 0.7712721944}",2018-01-01,USD,2020-03-31,0.8619203586,68.6821237718,0.7712721944
2018-08-08,"{'INR': 68.6249892139, 'EUR': 0.8628872206, 'GBP': 0.7773319527}",2018-01-01,USD,2020-03-31,0.8628872206,68.6249892139,0.7773319527
2018-08-09,"{'INR': 68.6470283792, 'EUR': 0.8625894937, 'GBP': 0.7758129906}",2018-01-01,USD,2020-03-31,0.8625894937,68.6470283792,0.7758129906
2018-08-10,"{'INR': 68.8303072626, 'EUR': 0.8729050279, 'GBP': 0.7827775838000001}",2018-01-01,USD,2020-03-31,0.8729050279,68.8303072626,0.7827775838000001
2018-08-13,"{'INR': 70.017100763, 'EUR': 0.8769622029, 'GBP': 0.7833903359000001}",2018-01-01,USD,2020-03-31,0.8769622029,70.017100763,0.7833903359000001
2018-08-14,"{'INR': 69.9031211643, 'EUR': 0.8767315448, 'GBP': 0.7829212695000001}",2018-01-01,USD,2020-03-31,0.8767315448,69.9031211643,0.7829212695000001
2018-08-15,"{'INR': 69.9262432647, 'EUR': 0.8833141949000001, 'GBP': 0.7872979419}",2018-01-01,USD,2020-03-31,0.8833141949000001,69.9262432647,0.7872979419
2018-08-16,"{'INR': 70.1908531223, 'EUR': 0.8795074758, 'GBP': 0.7871416007}",2018-01-01,USD,2020-03-31,0.8795074758,70.1908531223,0.7871416007
2018-08-17,"{'INR': 70.1602142042, 'EUR': 0.8778860504, 'GBP': 0.7863664296}",2018-01-01,USD,2020-03-31,0.8778860504,70.1602142042,0.7863664296
2018-08-20,"{'INR': 69.8248686515, 'EUR': 0.8756567426, 'GBP': 0.7835201401}",2018-01-01,USD,2020-03-31,0.8756567426,69.8248686515,0.7835201401
2018-08-21,"{'INR': 69.8152495218, 'EUR': 0.869414015, 'GBP': 0.780212137}",2018-01-01,USD,2020-03-31,0.869414015,69.8152495218,0.780212137
2018-08-22,"{'INR': 69.8949724518, 'EUR': 0.8608815427000001, 'GBP': 0.7741735537000001}",2018-01-01,USD,2020-03-31,0.8608815427000001,69.8949724518,0.7741735537000001
2018-08-23,"{'INR': 70.1109767683, 'EUR': 0.863632438, 'GBP': 0.7762155627}",2018-01-01,USD,2020-03-31,0.863632438,70.1109767683,0.7762155627
2018-08-24,"{'INR': 69.909820504, 'EUR': 0.8629616845, 'GBP': 0.7783914394}",2018-01-01,USD,2020-03-31,0.8629616845,69.909820504,0.7783914394
2018-08-27,"{'INR': 70.1650477091, 'EUR': 0.8596234849000001, 'GBP': 0.7767987621}",2018-01-01,USD,2020-03-31,0.8596234849000001,70.1650477091,0.7767987621
2018-08-28,"{'INR': 70.1080273271, 'EUR': 0.853970965, 'GBP': 0.7743808711}",2018-01-01,USD,2020-03-31,0.853970965,70.1080273271,0.7743808711
2018-08-29,"{'INR': 70.6179245283, 'EUR': 0.8576329331, 'GBP': 0.7761578045}",2018-01-01,USD,2020-03-31,0.8576329331,70.6179245283,0.7761578045
2018-08-30,"{'INR': 70.7449538146, 'EUR': 0.8552856654000001, 'GBP': 0.7676873076}",2018-01-01,USD,2020-03-31,0.8552856654000001,70.7449538146,0.7676873076
2018-08-31,"{'INR': 71.002059909, 'EUR': 0.8582954253, 'GBP': 0.7702343147}",2018-01-01,USD,2020-03-31,0.8582954253,71.002059909,0.7702343147
2018-09-03,"{'INR': 71.2150055991, 'EUR': 0.8614006374000001, 'GBP': 0.7766215867}",2018-01-01,USD,2020-03-31,0.8614006374000001,71.2150055991,0.7766215867
2018-09-04,"{'INR': 71.5849334025, 'EUR': 0.8649022660000001, 'GBP': 0.7789136828000001}",2018-01-01,USD,2020-03-31,0.8649022660000001,71.5849334025,0.7789136828000001
2018-09-05,"{'INR': 71.7522880332, 'EUR': 0.8634087377, 'GBP': 0.7798998446000001}",2018-01-01,USD,2020-03-31,0.8634087377,71.7522880332,0.7798998446000001
2018-09-06,"{'INR': 71.9593433041, 'EUR': 0.859549596, 'GBP': 0.7720818291}",2018-01-01,USD,2020-03-31,0.859549596,71.9593433041,0.7720818291
2018-09-07,"{'INR': 71.73482565649999, 'EUR': 0.8609556608000001, 'GBP': 0.7686181662}",2018-01-01,USD,2020-03-31,0.8609556608000001,71.73482565649999,0.7686181662
2018-09-10,"{'INR': 72.4548440066, 'EUR': 0.8642295394, 'GBP': 0.7721026705}",2018-01-01,USD,2020-03-31,0.8642295394,72.4548440066,0.7721026705
2018-09-11,"{'INR': 72.659841023, 'EUR': 0.8640055296, 'GBP': 0.7695524451}",2018-01-01,USD,2020-03-31,0.8640055296,72.659841023,0.7695524451
2018-09-12,"{'INR': 72.2231333621, 'EUR': 0.8631851532, 'GBP': 0.7684764782}",2018-01-01,USD,2020-03-31,0.8631851532,72.2231333621,0.7684764782
2018-09-13,"{'INR': 72.0309810671, 'EUR': 0.8605851979, 'GBP': 0.7659208262}",2018-01-01,USD,2020-03-31,0.8605851979,72.0309810671,0.7659208262
2018-09-14,"{'INR': 71.8162374882, 'EUR': 0.8555051758000001, 'GBP': 0.7633501583000001}",2018-01-01,USD,2020-03-31,0.8555051758000001,71.8162374882,0.7633501583000001
2018-09-17,"{'INR': 72.5177791106, 'EUR': 0.856824608, 'GBP': 0.7615028704}",2018-01-01,USD,2020-03-31,0.856824608,72.5177791106,0.7615028704
2018-09-18,"{'INR': 72.9768316662, 'EUR': 0.8549200650000001, 'GBP': 0.7605625374}",2018-01-01,USD,2020-03-31,0.8549200650000001,72.9768316662,0.7605625374
2018-09-19,"{'INR': 72.3849318591, 'EUR': 0.8571183680000001, 'GBP': 0.7612325362}",2018-01-01,USD,2020-03-31,0.8571183680000001,72.3849318591,0.7612325362
2018-09-20,"{'INR': 72.0120655961, 'EUR': 0.8496898632000001, 'GBP': 0.7527402498}",2018-01-01,USD,2020-03-31,0.8496898632000001,72.0120655961,0.7527402498
2018-09-21,"{'INR': 72.19193809, 'EUR': 0.85041245, 'GBP': 0.7602687303}",2018-01-01,USD,2020-03-31,0.85041245,72.19193809,0.7602687303
2018-09-24,"{'INR': 72.6802853988, 'EUR': 0.8494011722, 'GBP': 0.7598573006}",2018-01-01,USD,2020-03-31,0.8494011722,72.6802853988,0.7598573006
2018-09-25,"{'INR': 72.6946590813, 'EUR': 0.8491126773000001, 'GBP': 0.7593190116}",2018-01-01,USD,2020-03-31,0.8491126773000001,72.6946590813,0.7593190116
2018-09-26,"{'INR': 72.6071398143, 'EUR': 0.8520064752000001, 'GBP': 0.7589673682}",2018-01-01,USD,2020-03-31,0.8520064752000001,72.6071398143,0.7589673682
2018-09-27,"{'INR': 72.5916118562, 'EUR': 0.8541898010000001, 'GBP': 0.7599982916}",2018-01-01,USD,2020-03-31,0.8541898010000001,72.5916118562,0.7599982916
2018-09-28,"{'INR': 72.4913614375, 'EUR': 0.8638562543, 'GBP': 0.7664996545}",2018-01-01,USD,2020-03-31,0.8638562543,72.4913614375,0.7664996545
2018-10-01,"{'INR': 72.9118559366, 'EUR': 0.8616232983000001, 'GBP': 0.7675168017}",2018-01-01,USD,2020-03-31,0.8616232983000001,72.9118559366,0.7675168017
2018-10-02,"{'INR': 73.3778047301, 'EUR': 0.8663259118000001, 'GBP': 0.7714025817}",2018-01-01,USD,2020-03-31,0.8663259118000001,73.3778047301,0.7714025817
2018-10-03,"{'INR': 73.3607551091, 'EUR': 0.8659508140000001, 'GBP': 0.7697869761}",2018-01-01,USD,2020-03-31,0.8659508140000001,73.3607551091,0.7697869761
2018-10-04,"{'INR': 73.5767692575, 'EUR': 0.869414015, 'GBP': 0.7701269344}",2018-01-01,USD,2020-03-31,0.869414015,73.5767692575,0.7701269344
2018-10-05,"{'INR': 73.7732487398, 'EUR': 0.8691117678, 'GBP': 0.7662523901}",2018-01-01,USD,2020-03-31,0.8691117678,73.7732487398,0.7662523901
2018-10-08,"{'INR': 74.0616832201, 'EUR': 0.8712319219, 'GBP': 0.7667712145000001}",2018-01-01,USD,2020-03-31,0.8712319219,74.0616832201,0.7667712145000001
2018-10-09,"{'INR': 74.4066462615, 'EUR': 0.8745080892, 'GBP': 0.7667686926}",2018-01-01,USD,2020-03-31,0.8745080892,74.4066462615,0.7667686926
2018-10-10,"{'INR': 74.2265217391, 'EUR': 0.8695652174, 'GBP': 0.7604173913000001}",2018-01-01,USD,2020-03-31,0.8695652174,74.2265217391,0.7604173913000001
2018-10-11,"{'INR': 74.0920086393, 'EUR': 0.8639308855000001, 'GBP': 0.7558531317}",2018-01-01,USD,2020-03-31,0.8639308855000001,74.0920086393,0.7558531317
2018-10-12,"{'INR': 73.565318818, 'EUR': 0.8640055296, 'GBP': 0.7572144462}",2018-01-01,USD,2020-03-31,0.8640055296,73.565318818,0.7572144462
2018-10-15,"{'INR': 73.8049391244, 'EUR': 0.8634832916, 'GBP': 0.7602538641000001}",2018-01-01,USD,2020-03-31,0.8634832916,73.8049391244,0.7602538641000001
2018-10-16,"{'INR': 73.4616380426, 'EUR': 0.8630361612, 'GBP': 0.7559592647000001}",2018-01-01,USD,2020-03-31,0.8630361612,73.4616380426,0.7559592647000001
2018-10-17,"{'INR': 73.6266261925, 'EUR': 0.8673026886, 'GBP': 0.7627493495000001}",2018-01-01,USD,2020-03-31,0.8673026886,73.6266261925,0.7627493495000001
2018-10-18,"{'INR': 73.6071273359, 'EUR': 0.8691873099, 'GBP': 0.7635202086}",2018-01-01,USD,2020-03-31,0.8691873099,73.6071273359,0.7635202086
2018-10-19,"{'INR': 73.341761116, 'EUR': 0.8718395815000001, 'GBP': 0.7673931997}",2018-01-01,USD,2020-03-31,0.8718395815000001,73.341761116,0.7673931997
2018-10-22,"{'INR': 73.556638246, 'EUR': 0.8700191404000001, 'GBP': 0.7693144249}",2018-01-01,USD,2020-03-31,0.8700191404000001,73.556638246,0.7693144249
2018-10-23,"{'INR': 73.5698728001, 'EUR': 0.8712319219, 'GBP': 0.7675814602000001}",2018-01-01,USD,2020-03-31,0.8712319219,73.5698728001,0.7675814602000001
2018-10-24,"{'INR': 73.1631398718, 'EUR': 0.8780402142, 'GBP': 0.7747212222000001}",2018-01-01,USD,2020-03-31,0.8780402142,73.1631398718,0.7747212222000001
2018-10-25,"{'INR': 73.2765416959, 'EUR': 0.8759635599000001, 'GBP': 0.7755168185}",2018-01-01,USD,2020-03-31,0.8759635599000001,73.2765416959,0.7755168185
2018-10-26,"{'INR': 73.4596738651, 'EUR': 0.8814455707000001, 'GBP': 0.7816659321}",2018-01-01,USD,2020-03-31,0.8814455707000001,73.4596738651,0.7816659321
2018-10-29,"{'INR': 73.4201739742, 'EUR': 0.8786574115, 'GBP': 0.7801423425}",2018-01-01,USD,2020-03-31,0.8786574115,73.4201739742,0.7801423425
2018-10-30,"{'INR': 73.6264509321, 'EUR': 0.8793527963000001, 'GBP': 0.7839254309}",2018-01-01,USD,2020-03-31,0.8793527963000001,73.6264509321,0.7839254309
2018-10-31,"{'INR': 73.9799434529, 'EUR': 0.8835483301, 'GBP': 0.7852359074}",2018-01-01,USD,2020-03-31,0.8835483301,73.9799434529,0.7852359074
2018-11-01,"{'INR': 73.4486087949, 'EUR': 0.8777319407, 'GBP': 0.773922584}",2018-01-01,USD,2020-03-31,0.8777319407,73.4486087949,0.773922584
2018-11-02,"{'INR': 72.4432863274, 'EUR': 0.8758868354, 'GBP': 0.7696417623}",2018-01-01,USD,2020-03-31,0.8758868354,72.4432863274,0.7696417623
2018-11-05,"{'INR': 73.0800351803, 'EUR': 0.8795074758, 'GBP': 0.7698768690000001}",2018-01-01,USD,2020-03-31,0.8795074758,73.0800351803,0.7698768690000001
2018-11-06,"{'INR': 72.9598354918, 'EUR': 0.8750437522000001, 'GBP': 0.7640269513}",2018-01-01,USD,2020-03-31,0.8750437522000001,72.9598354918,0.7640269513
2018-11-07,"{'INR': 72.499347088, 'EUR': 0.8705493166, 'GBP': 0.7608862192}",2018-01-01,USD,2020-03-31,0.8705493166,72.499347088,0.7608862192
2018-11-08,"{'INR': 72.4085259104, 'EUR': 0.8753501401, 'GBP': 0.7629814426}",2018-01-01,USD,2020-03-31,0.8753501401,72.4085259104,0.7629814426
2018-11-09,"{'INR': 72.5048475234, 'EUR': 0.881367883, 'GBP': 0.7672571831}",2018-01-01,USD,2020-03-31,0.881367883,72.5048475234,0.7672571831
2018-11-12,"{'INR': 72.8900133156, 'EUR': 0.8877052818000001, 'GBP': 0.7773013759}",2018-01-01,USD,2020-03-31,0.8877052818000001,72.8900133156,0.7773013759
2018-11-13,"{'INR': 72.6747180535, 'EUR': 0.8880206021, 'GBP': 0.7720895125}",2018-01-01,USD,2020-03-31,0.8880206021,72.6747180535,0.7720895125
2018-11-14,"{'INR': 72.303470255, 'EUR': 0.8852691218000001, 'GBP': 0.7706090652}",2018-01-01,USD,2020-03-31,0.8852691218000001,72.303470255,0.7706090652
2018-11-15,"{'INR': 71.9770013268, 'EUR': 0.8845643521000001, 'GBP': 0.7816895179000001}",2018-01-01,USD,2020-03-31,0.8845643521000001,71.9770013268,0.7816895179000001
2018-11-16,"{'INR': 71.8962630002, 'EUR': 0.881367883, 'GBP': 0.7786885246}",2018-01-01,USD,2020-03-31,0.881367883,71.8962630002,0.7786885246
2018-11-19,"{'INR': 71.657040343, 'EUR': 0.875120329, 'GBP': 0.7795834427}",2018-01-01,USD,2020-03-31,0.875120329,71.657040343,0.7795834427
2018-11-20,"{'INR': 71.4911128623, 'EUR': 0.8755800718000001, 'GBP': 0.7784607302000001}",2018-01-01,USD,2020-03-31,0.8755800718000001,71.4911128623,0.7784607302000001
2018-11-21,"{'INR': 71.3051100009, 'EUR': 0.8765010080000001, 'GBP': 0.7810325182000001}",2018-01-01,USD,2020-03-31,0.8765010080000001,71.3051100009,0.7810325182000001
2018-11-22,"{'INR': 70.687099886, 'EUR': 0.8769622029, 'GBP': 0.7769709726}",2018-01-01,USD,2020-03-31,0.8769622029,70.687099886,0.7769709726
2018-11-23,"{'INR': 70.6518675123, 'EUR': 0.8809020437, 'GBP': 0.7794221283}",2018-01-01,USD,2020-03-31,0.8809020437,70.6518675123,0.7794221283
2018-11-26,"{'INR': 70.8778491596, 'EUR': 0.8800492828, 'GBP': 0.7783155857}",2018-01-01,USD,2020-03-31,0.8800492828,70.8778491596,0.7783155857
2018-11-27,"{'INR': 70.7644774011, 'EUR': 0.8827683616, 'GBP': 0.7834392655}",2018-01-01,USD,2020-03-31,0.8827683616,70.7644774011,0.7834392655
2018-11-28,"{'INR': 70.5804679192, 'EUR': 0.8862105636000001, 'GBP': 0.7820365119}",2018-01-01,USD,2020-03-31,0.8862105636000001,70.5804679192,0.7820365119
2018-11-29,"{'INR': 69.8489505577, 'EUR': 0.8781944322, 'GBP': 0.7827786072}",2018-01-01,USD,2020-03-31,0.8781944322,69.8489505577,0.7827786072
2018-11-30,"{'INR': 69.620125011, 'EUR': 0.8803591865, 'GBP': 0.7841183203000001}",2018-01-01,USD,2020-03-31,0.8803591865,69.620125011,0.7841183203000001
2018-12-03,"{'INR': 70.4121073067, 'EUR': 0.8824567596, 'GBP': 0.7867102012}",2018-01-01,USD,2020-03-31,0.8824567596,70.4121073067,0.7867102012
2018-12-04,"{'INR': 70.5337891139, 'EUR': 0.8765010080000001, 'GBP': 0.7805942677000001}",2018-01-01,USD,2020-03-31,0.8765010080000001,70.5337891139,0.7805942677000001
2018-12-05,"{'INR': 70.5178791615, 'EUR': 0.8807468733, 'GBP': 0.7828518584}",2018-01-01,USD,2020-03-31,0.8807468733,70.5178791615,0.7828518584
2018-12-06,"{'INR': 70.914456876, 'EUR': 0.8809796494000001, 'GBP': 0.7834552022}",2018-01-01,USD,2020-03-31,0.8809796494000001,70.914456876,0.7834552022
2018-12-07,"{'INR': 70.8020402779, 'EUR': 0.8794301293000001, 'GBP': 0.7834403307000001}",2018-01-01,USD,2020-03-31,0.8794301293000001,70.8020402779,0.7834403307000001
2018-12-10,"{'INR': 72.4099781182, 'EUR': 0.875273523, 'GBP': 0.7898905908}",2018-01-01,USD,2020-03-31,0.875273523,72.4099781182,0.7898905908
2018-12-11,"{'INR': 71.9057034889, 'EUR': 0.8788118464, 'GBP': 0.7929343528}",2018-01-01,USD,2020-03-31,0.8788118464,71.9057034889,0.7929343528
2018-12-12,"{'INR': 71.9989423585, 'EUR': 0.881367883, 'GBP': 0.7944209413000001}",2018-01-01,USD,2020-03-31,0.881367883,71.9989423585,0.7944209413000001
2018-12-13,"{'INR': 71.6102365667, 'EUR': 0.8794301293000001, 'GBP': 0.7901503826}",2018-01-01,USD,2020-03-31,0.8794301293000001,71.6102365667,0.7901503826
2018-12-14,"{'INR': 71.9760744351, 'EUR': 0.8861320337, 'GBP': 0.7960567125}",2018-01-01,USD,2020-03-31,0.8861320337,71.9760744351,0.7960567125
2018-12-17,"{'INR': 71.6100872939, 'EUR': 0.8817564589, 'GBP': 0.7926108809}",2018-01-01,USD,2020-03-31,0.8817564589,71.6100872939,0.7926108809
2018-12-18,"{'INR': 70.5396853301, 'EUR': 0.8789663356, 'GBP': 0.788564648}",2018-01-01,USD,2020-03-31,0.8789663356,70.5396853301,0.788564648
2018-12-19,"{'INR': 70.2463831653, 'EUR': 0.8768084174, 'GBP': 0.7919158264}",2018-01-01,USD,2020-03-31,0.8768084174,70.2463831653,0.7919158264
2018-12-20,"{'INR': 69.8183564754, 'EUR': 0.8732861759, 'GBP': 0.7888830670000001}",2018-01-01,USD,2020-03-31,0.8732861759,69.8183564754,0.7888830670000001
2018-12-21,"{'INR': 70.124408621, 'EUR': 0.8761170492, 'GBP': 0.790388996}",2018-01-01,USD,2020-03-31,0.8761170492,70.124408621,0.790388996
2018-12-24,"{'INR': 70.1428821879, 'EUR': 0.8765778401000001, 'GBP': 0.7892531557}",2018-01-01,USD,2020-03-31,0.8765778401000001,70.1428821879,0.7892531557
2018-12-27,"{'INR': 70.2685242155, 'EUR': 0.8789663356, 'GBP': 0.7917113475}",2018-01-01,USD,2020-03-31,0.8789663356,70.2685242155,0.7917113475
2018-12-28,"{'INR': 70.0414702287, 'EUR': 0.8730574472, 'GBP': 0.7881351493000001}",2018-01-01,USD,2020-03-31,0.8730574472,70.0414702287,0.7881351493000001
2018-12-31,"{'INR': 69.6330131004, 'EUR': 0.8733624454000001, 'GBP': 0.7812489083}",2018-01-01,USD,2020-03-31,0.8733624454000001,69.6330131004,0.7812489083
2019-01-02,"{'INR': 70.1811880319, 'EUR': 0.8774238835, 'GBP': 0.7911292445}",2018-01-01,USD,2020-03-31,0.8774238835,70.1811880319,0.7911292445
2019-01-03,"{'INR': 70.1515685583, 'EUR': 0.8812125485000001, 'GBP': 0.7958406768}",2018-01-01,USD,2020-03-31,0.8812125485000001,70.1515685583,0.7958406768
2019-01-04,"{'INR': 69.658423222, 'EUR': 0.8769622029, 'GBP': 0.7891607472000001}",2018-01-01,USD,2020-03-31,0.8769622029,69.658423222,0.7891607472000001
2019-01-07,"{'INR': 69.628221931, 'EUR': 0.873743993, 'GBP': 0.7839231105000001}",2018-01-01,USD,2020-03-31,0.873743993,69.628221931,0.7839231105000001
2019-01-08,"{'INR': 70.14423076919999, 'EUR': 0.8741258741, 'GBP': 0.7844667832000001}",2018-01-01,USD,2020-03-31,0.8741258741,70.14423076919999,0.7844667832000001
2019-01-09,"{'INR': 70.3941510258, 'EUR': 0.8729812309, 'GBP': 0.7849236141}",2018-01-01,USD,2020-03-31,0.8729812309,70.3941510258,0.7849236141
2019-01-10,"{'INR': 70.3948851322, 'EUR': 0.8669267447000001, 'GBP': 0.7839011704000001}",2018-01-01,USD,2020-03-31,0.8669267447000001,70.3948851322,0.7839011704000001
2019-01-11,"{'INR': 70.5345530218, 'EUR': 0.8670770832, 'GBP': 0.7804994364000001}",2018-01-01,USD,2020-03-31,0.8670770832,70.5345530218,0.7804994364000001
2019-01-14,"{'INR': 70.8289003227, 'EUR': 0.8720676725000001, 'GBP': 0.7784337665000001}",2018-01-01,USD,2020-03-31,0.8720676725000001,70.8289003227,0.7784337665000001
2019-01-15,"{'INR': 71.1055672269, 'EUR': 0.8753501401, 'GBP': 0.7792804622}",2018-01-01,USD,2020-03-31,0.8753501401,71.1055672269,0.7792804622
2019-01-16,"{'INR': 71.1260865748, 'EUR': 0.8780402142, 'GBP': 0.7778558258}",2018-01-01,USD,2020-03-31,0.8780402142,71.1260865748,0.7778558258
2019-01-17,"{'INR': 71.0569498069, 'EUR': 0.8775008775, 'GBP': 0.7744822745000001}",2018-01-01,USD,2020-03-31,0.8775008775,71.0569498069,0.7744822745000001
2019-01-18,"{'INR': 71.1169093142, 'EUR': 0.8770391159, 'GBP': 0.7728907209}",2018-01-01,USD,2020-03-31,0.8770391159,71.1169093142,0.7728907209
2019-01-21,"{'INR': 71.2317373702, 'EUR': 0.8801267383, 'GBP': 0.7771783137}",2018-01-01,USD,2020-03-31,0.8801267383,71.2317373702,0.7771783137
2019-01-22,"{'INR': 71.3810110974, 'EUR': 0.8807468733, 'GBP': 0.7750572485}",2018-01-01,USD,2020-03-31,0.8807468733,71.3810110974,0.7750572485
2019-01-23,"{'INR': 71.3059734319, 'EUR': 0.8797395971, 'GBP': 0.7672472948}",2018-01-01,USD,2020-03-31,0.8797395971,71.3059734319,0.7672472948
2019-01-24,"{'INR': 71.1189489463, 'EUR': 0.8817564589, 'GBP': 0.7678776122000001}",2018-01-01,USD,2020-03-31,0.8817564589,71.1189489463,0.7678776122000001
2019-01-25,"{'INR': 71.0682178741, 'EUR': 0.881367883, 'GBP': 0.7630883131}",2018-01-01,USD,2020-03-31,0.881367883,71.0682178741,0.7630883131
2019-01-28,"{'INR': 71.1438080224, 'EUR': 0.8758101244000001, 'GBP': 0.7609739009}",2018-01-01,USD,2020-03-31,0.8758101244000001,71.1438080224,0.7609739009
2019-01-29,"{'INR': 71.1836806164, 'EUR': 0.8755034145, 'GBP': 0.7593678865}",2018-01-01,USD,2020-03-31,0.8755034145,71.1836806164,0.7593678865
2019-01-30,"{'INR': 71.1794557704, 'EUR': 0.8749671887, 'GBP': 0.7642050923}",2018-01-01,USD,2020-03-31,0.8749671887,71.1794557704,0.7642050923
2019-01-31,"{'INR': 71.1055013928, 'EUR': 0.8704735376, 'GBP': 0.7623433148000001}",2018-01-01,USD,2020-03-31,0.8704735376,71.1055013928,0.7623433148000001
2019-02-01,"{'INR': 71.2849795136, 'EUR': 0.8717635777, 'GBP': 0.7661755732000001}",2018-01-01,USD,2020-03-31,0.8717635777,71.2849795136,0.7661755732000001
2019-02-04,"{'INR': 71.8134556575, 'EUR': 0.873743993, 'GBP': 0.7660812582000001}",2018-01-01,USD,2020-03-31,0.873743993,71.8134556575,0.7660812582000001
2019-02-05,"{'INR': 71.6444891885, 'EUR': 0.8754267706000001, 'GBP': 0.7686509673}",2018-01-01,USD,2020-03-31,0.8754267706000001,71.6444891885,0.7686509673
2019-02-06,"{'INR': 71.5758293839, 'EUR': 0.8776549061000001, 'GBP': 0.771195366}",2018-01-01,USD,2020-03-31,0.8776549061000001,71.5758293839,0.771195366
2019-02-07,"{'INR': 71.4724548259, 'EUR': 0.8814455707000001, 'GBP': 0.7734684883}",2018-01-01,USD,2020-03-31,0.8814455707000001,71.4724548259,0.7734684883
2019-02-08,"{'INR': 71.272254539, 'EUR': 0.881367883, 'GBP': 0.7711087608}",2018-01-01,USD,2020-03-31,0.881367883,71.272254539,0.7711087608
2019-02-11,"{'INR': 71.1362631532, 'EUR': 0.8842514811000001, 'GBP': 0.7747369352}",2018-01-01,USD,2020-03-31,0.8842514811000001,71.1362631532,0.7747369352
2019-02-12,"{'INR': 70.6453611898, 'EUR': 0.8852691218000001, 'GBP': 0.7764252833}",2018-01-01,USD,2020-03-31,0.8852691218000001,70.6453611898,0.7764252833
2019-02-13,"{'INR': 70.8235294118, 'EUR': 0.8845643521000001, 'GBP': 0.7744626272}",2018-01-01,USD,2020-03-31,0.8845643521000001,70.8235294118,0.7744626272
2019-02-14,"{'INR': 71.1776712815, 'EUR': 0.8874689386, 'GBP': 0.780484558}",2018-01-01,USD,2020-03-31,0.8874689386,71.1776712815,0.780484558
2019-02-15,"{'INR': 71.3685612789, 'EUR': 0.8880994671, 'GBP': 0.7809769094}",2018-01-01,USD,2020-03-31,0.8880994671,71.3685612789,0.7809769094
2019-02-18,"{'INR': 71.401394774, 'EUR': 0.8827683616, 'GBP': 0.7734816384000001}",2018-01-01,USD,2020-03-31,0.8827683616,71.401394774,0.7734816384000001
2019-02-19,"{'INR': 71.4525411723, 'EUR': 0.8854258899, 'GBP': 0.7719585621}",2018-01-01,USD,2020-03-31,0.8854258899,71.4525411723,0.7719585621
2019-02-20,"{'INR': 71.154558279, 'EUR': 0.8816787163, 'GBP': 0.7665755599}",2018-01-01,USD,2020-03-31,0.8816787163,71.154558279,0.7665755599
2019-02-21,"{'INR': 71.1145851682, 'EUR': 0.8807468733, 'GBP': 0.7645323234}",2018-01-01,USD,2020-03-31,0.8807468733,71.1145851682,0.7645323234
2019-02-22,"{'INR': 71.1284768212, 'EUR': 0.8830022075, 'GBP': 0.7705342163000001}",2018-01-01,USD,2020-03-31,0.8830022075,71.1284768212,0.7705342163000001
2019-02-25,"{'INR': 70.9216204315, 'EUR': 0.8806693087, 'GBP': 0.7646675473000001}",2018-01-01,USD,2020-03-31,0.8806693087,70.9216204315,0.7646675473000001
2019-02-26,"{'INR': 71.167150779, 'EUR': 0.8802042074, 'GBP': 0.7574597307000001}",2018-01-01,USD,2020-03-31,0.8802042074,71.167150779,0.7574597307000001
2019-02-27,"{'INR': 71.2792025294, 'EUR': 0.8782715616000001, 'GBP': 0.7509485333}",2018-01-01,USD,2020-03-31,0.8782715616000001,71.2792025294,0.7509485333
2019-02-28,"{'INR': 70.8580063069, 'EUR': 0.8759635599000001, 'GBP': 0.7518833217}",2018-01-01,USD,2020-03-31,0.8759635599000001,70.8580063069,0.7518833217
2019-03-01,"{'INR': 70.8908020733, 'EUR': 0.8785030308, 'GBP': 0.7552314855000001}",2018-01-01,USD,2020-03-31,0.8785030308,70.8908020733,0.7552314855000001
2019-03-04,"{'INR': 70.8855958366, 'EUR': 0.8820675664000001, 'GBP': 0.7565934551}",2018-01-01,USD,2020-03-31,0.8820675664000001,70.8855958366,0.7565934551
2019-03-05,"{'INR': 70.5587430488, 'EUR': 0.8826904405, 'GBP': 0.7622738106}",2018-01-01,USD,2020-03-31,0.8826904405,70.5587430488,0.7622738106
2019-03-06,"{'INR': 70.2627156126, 'EUR': 0.8845643521000001, 'GBP': 0.7604599735}",2018-01-01,USD,2020-03-31,0.8845643521000001,70.2627156126,0.7604599735
2019-03-07,"{'INR': 69.9884659746, 'EUR': 0.8872327211000001, 'GBP': 0.7619554609}",2018-01-01,USD,2020-03-31,0.8872327211000001,69.9884659746,0.7619554609
2019-03-08,"{'INR': 70.1595081091, 'EUR': 0.8911067546, 'GBP': 0.7655052575}",2018-01-01,USD,2020-03-31,0.8911067546,70.1595081091,0.7655052575
2019-03-11,"{'INR': 69.8568125222, 'EUR': 0.8893632159, 'GBP': 0.7669868374000001}",2018-01-01,USD,2020-03-31,0.8893632159,69.8568125222,0.7669868374000001
2019-03-12,"{'INR': 69.6385809313, 'EUR': 0.8869179601, 'GBP': 0.7640354767}",2018-01-01,USD,2020-03-31,0.8869179601,69.6385809313,0.7640354767
2019-03-13,"{'INR': 69.5939131204, 'EUR': 0.8847208706, 'GBP': 0.7597982836}",2018-01-01,USD,2020-03-31,0.8847208706,69.5939131204,0.7597982836
2019-03-14,"{'INR': 69.4758742807, 'EUR': 0.8853474989000001, 'GBP': 0.7545639664}",2018-01-01,USD,2020-03-31,0.8853474989000001,69.4758742807,0.7545639664
2019-03-15,"{'INR': 69.0431552883, 'EUR': 0.8843296781000001, 'GBP': 0.7553501946000001}",2018-01-01,USD,2020-03-31,0.8843296781000001,69.0431552883,0.7553501946000001
2019-03-18,"{'INR': 68.5355537933, 'EUR': 0.8811349018, 'GBP': 0.7547801568}",2018-01-01,USD,2020-03-31,0.8811349018,68.5355537933,0.7547801568
2019-03-19,"{'INR': 68.9830956154, 'EUR': 0.8804366966, 'GBP': 0.7531959852}",2018-01-01,USD,2020-03-31,0.8804366966,68.9830956154,0.7531959852
2019-03-20,"{'INR': 68.818037696, 'EUR': 0.8807468733, 'GBP': 0.7599084023}",2018-01-01,USD,2020-03-31,0.8807468733,68.818037696,0.7599084023
2019-03-21,"{'INR': 68.5619566172, 'EUR': 0.8781944322, 'GBP': 0.7609554755}",2018-01-01,USD,2020-03-31,0.8781944322,68.5619566172,0.7609554755
2019-03-22,"{'INR': 68.9771721819, 'EUR': 0.8847991506, 'GBP': 0.7599539904}",2018-01-01,USD,2020-03-31,0.8847991506,68.9771721819,0.7599539904
2019-03-25,"{'INR': 68.914790287, 'EUR': 0.8830022075, 'GBP': 0.7561854305}",2018-01-01,USD,2020-03-31,0.8830022075,68.914790287,0.7561854305
2019-03-26,"{'INR': 68.8650252413, 'EUR': 0.885661146, 'GBP': 0.7557346559}",2018-01-01,USD,2020-03-31,0.885661146,68.8650252413,0.7557346559
2019-03-27,"{'INR': 69.1412840778, 'EUR': 0.8880206021, 'GBP': 0.7558653761}",2018-01-01,USD,2020-03-31,0.8880206021,69.1412840778,0.7558653761
2019-03-28,"{'INR': 69.33187734, 'EUR': 0.8914244963, 'GBP': 0.7626582278}",2018-01-01,USD,2020-03-31,0.8914244963,69.33187734,0.7626582278
2019-03-29,"{'INR': 69.1757899421, 'EUR': 0.8900756564000001, 'GBP': 0.7639519359}",2018-01-01,USD,2020-03-31,0.8900756564000001,69.1757899421,0.7639519359
2019-04-01,"{'INR': 69.320487718, 'EUR': 0.88999644, 'GBP': 0.7623531506}",2018-01-01,USD,2020-03-31,0.88999644,69.320487718,0.7623531506
2019-04-02,"{'INR': 68.753125, 'EUR': 0.8928571429000001, 'GBP': 0.7678571429000001}",2018-01-01,USD,2020-03-31,0.8928571429000001,68.753125,0.7678571429000001
2019-04-03,"{'INR': 68.425242373, 'EUR': 0.8894423197, 'GBP': 0.7594947968}",2018-01-01,USD,2020-03-31,0.8894423197,68.425242373,0.7594947968
2019-04-04,"{'INR': 69.1621356627, 'EUR': 0.8913450397, 'GBP': 0.7613691060000001}",2018-01-01,USD,2020-03-31,0.8913450397,69.1621356627,0.7613691060000001
2019-04-05,"{'INR': 69.2486423929, 'EUR': 0.8902341316, 'GBP': 0.7650494080000001}",2018-01-01,USD,2020-03-31,0.8902341316,69.2486423929,0.7650494080000001
2019-04-08,"{'INR': 69.6438733772, 'EUR': 0.8892050507, 'GBP': 0.7663435888}",2018-01-01,USD,2020-03-31,0.8892050507,69.6438733772,0.7663435888
2019-04-09,"{'INR': 69.3340427419, 'EUR': 0.8867606633, 'GBP': 0.7655848187000001}",2018-01-01,USD,2020-03-31,0.8867606633,69.3340427419,0.7655848187000001
2019-04-10,"{'INR': 69.1501906197, 'EUR': 0.8866034223, 'GBP': 0.7632148240000001}",2018-01-01,USD,2020-03-31,0.8866034223,69.1501906197,0.7632148240000001
2019-04-11,"{'INR': 68.9679509943, 'EUR': 0.8877840909, 'GBP': 0.7649857955}",2018-01-01,USD,2020-03-31,0.8877840909,68.9679509943,0.7649857955
2019-04-12,"{'INR': 69.1559932868, 'EUR': 0.8833141949000001, 'GBP': 0.7622118187}",2018-01-01,USD,2020-03-31,0.8833141949000001,69.1559932868,0.7622118187
2019-04-15,"{'INR': 69.4249977902, 'EUR': 0.8839388314000001, 'GBP': 0.7628834085}",2018-01-01,USD,2020-03-31,0.8839388314000001,69.4249977902,0.7628834085
2019-04-16,"{'INR': 69.5661211853, 'EUR': 0.8845643521000001, 'GBP': 0.7641751437000001}",2018-01-01,USD,2020-03-31,0.8845643521000001,69.5661211853,0.7641751437000001
2019-04-17,"{'INR': 69.4248296611, 'EUR': 0.8848774445, 'GBP': 0.7662419255}",2018-01-01,USD,2020-03-31,0.8848774445,69.4248296611,0.7662419255
2019-04-18,"{'INR': 69.3937777778, 'EUR': 0.8888888889000001, 'GBP': 0.7686222222}",2018-01-01,USD,2020-03-31,0.8888888889000001,69.3937777778,0.7686222222
2019-04-23,"{'INR': 69.6420631392, 'EUR': 0.8892841263, 'GBP': 0.7687861272000001}",2018-01-01,USD,2020-03-31,0.8892841263,69.6420631392,0.7687861272000001
2019-04-24,"{'INR': 69.8501204389, 'EUR': 0.8921402444000001, 'GBP': 0.7721027746}",2018-01-01,USD,2020-03-31,0.8921402444000001,69.8501204389,0.7721027746
2019-04-25,"{'INR': 70.2858940933, 'EUR': 0.8990380293, 'GBP': 0.7770835206000001}",2018-01-01,USD,2020-03-31,0.8990380293,70.2858940933,0.7770835206000001
2019-04-26,"{'INR': 70.016617264, 'EUR': 0.8982304859, 'GBP': 0.7755322016}",2018-01-01,USD,2020-03-31,0.8982304859,70.016617264,0.7755322016
2019-04-29,"{'INR': 69.832735426, 'EUR': 0.8968609865, 'GBP': 0.7743497758}",2018-01-01,USD,2020-03-31,0.8968609865,69.832735426,0.7743497758
2019-04-30,"{'INR': 69.5859333214, 'EUR': 0.8914244963, 'GBP': 0.7688357996}",2018-01-01,USD,2020-03-31,0.8914244963,69.5859333214,0.7688357996
2019-05-02,"{'INR': 69.3738851231, 'EUR': 0.8919015341000001, 'GBP': 0.7664109882}",2018-01-01,USD,2020-03-31,0.8919015341000001,69.3738851231,0.7664109882
2019-05-03,"{'INR': 69.2595248767, 'EUR': 0.896458987, 'GBP': 0.769027342}",2018-01-01,USD,2020-03-31,0.896458987,69.2595248767,0.769027342
2019-05-06,"{'INR': 69.4102151978, 'EUR': 0.8929368694, 'GBP': 0.7631931422}",2018-01-01,USD,2020-03-31,0.8929368694,69.4102151978,0.7631931422
2019-05-07,"{'INR': 69.4143942781, 'EUR': 0.8940545373000001, 'GBP': 0.7657130085}",2018-01-01,USD,2020-03-31,0.8940545373000001,69.4143942781,0.7657130085
2019-05-08,"{'INR': 69.7022853062, 'EUR': 0.8926977325000001, 'GBP': 0.7685681128}",2018-01-01,USD,2020-03-31,0.8926977325000001,69.7022853062,0.7685681128
2019-05-09,"{'INR': 69.9932993835, 'EUR': 0.8934155276, 'GBP': 0.7694094523}",2018-01-01,USD,2020-03-31,0.8934155276,69.9932993835,0.7694094523
2019-05-10,"{'INR': 69.9977738201, 'EUR': 0.8904719501, 'GBP': 0.7680320570000001}",2018-01-01,USD,2020-03-31,0.8904719501,69.9977738201,0.7680320570000001
2019-05-13,"{'INR': 70.5575811472, 'EUR': 0.8892841263, 'GBP': 0.767896843}",2018-01-01,USD,2020-03-31,0.8892841263,70.5575811472,0.767896843
2019-05-14,"{'INR': 70.4057544985, 'EUR': 0.8907892393, 'GBP': 0.7725191520000001}",2018-01-01,USD,2020-03-31,0.8907892393,70.4057544985,0.7725191520000001
2019-05-15,"{'INR': 70.355450237, 'EUR': 0.8942144326, 'GBP': 0.7763569704000001}",2018-01-01,USD,2020-03-31,0.8942144326,70.355450237,0.7763569704000001
2019-05-16,"{'INR': 70.0428456663, 'EUR': 0.8926180487, 'GBP': 0.7807105240000001}",2018-01-01,USD,2020-03-31,0.8926180487,70.0428456663,0.7807105240000001
2019-05-17,"{'INR': 70.2049767275, 'EUR': 0.8950948801, 'GBP': 0.7840583602000001}",2018-01-01,USD,2020-03-31,0.8950948801,70.2049767275,0.7840583602000001
2019-05-20,"{'INR': 69.6570251634, 'EUR': 0.8954956568, 'GBP': 0.7846332945000001}",2018-01-01,USD,2020-03-31,0.8954956568,69.6570251634,0.7846332945000001
2019-05-21,"{'INR': 69.6917838903, 'EUR': 0.895977063, 'GBP': 0.7849655049}",2018-01-01,USD,2020-03-31,0.895977063,69.6917838903,0.7849655049
2019-05-22,"{'INR': 69.6983260227, 'EUR': 0.8951750067, 'GBP': 0.7902604959}",2018-01-01,USD,2020-03-31,0.8951750067,69.6983260227,0.7902604959
2019-05-23,"{'INR': 69.94793069400001, 'EUR': 0.8977466559, 'GBP': 0.7909148038}",2018-01-01,USD,2020-03-31,0.8977466559,69.94793069400001,0.7909148038
2019-05-24,"{'INR': 69.5450075981, 'EUR': 0.8938946992000001, 'GBP': 0.7894699204000001}",2018-01-01,USD,2020-03-31,0.8938946992000001,69.5450075981,0.7894699204000001
2019-05-27,"{'INR': 69.5289337382, 'EUR': 0.8930166101, 'GBP': 0.7878639043000001}",2018-01-01,USD,2020-03-31,0.8930166101,69.5289337382,0.7878639043000001
2019-05-28,"{'INR': 69.6055218013, 'EUR': 0.8934953538, 'GBP': 0.789608649}",2018-01-01,USD,2020-03-31,0.8934953538,69.6055218013,0.789608649
2019-05-29,"{'INR': 69.8211724632, 'EUR': 0.8963786303, 'GBP': 0.7908300466}",2018-01-01,USD,2020-03-31,0.8963786303,69.8211724632,0.7908300466
2019-05-30,"{'INR': 69.8863840489, 'EUR': 0.8981498114, 'GBP': 0.7919705407000001}",2018-01-01,USD,2020-03-31,0.8981498114,69.8863840489,0.7919705407000001
2019-05-31,"{'INR': 69.7166173437, 'EUR': 0.8967805578, 'GBP': 0.7953815801}",2018-01-01,USD,2020-03-31,0.8967805578,69.7166173437,0.7953815801
2019-06-03,"{'INR': 69.2641931158, 'EUR': 0.8940545373000001, 'GBP': 0.7922932499}",2018-01-01,USD,2020-03-31,0.8940545373000001,69.2641931158,0.7922932499
2019-06-04,"{'INR': 69.2582710779, 'EUR': 0.8893632159, 'GBP': 0.7892031306}",2018-01-01,USD,2020-03-31,0.8893632159,69.2582710779,0.7892031306
2019-06-05,"{'INR': 69.332415386, 'EUR': 0.8883361464, 'GBP': 0.7873412099}",2018-01-01,USD,2020-03-31,0.8883361464,69.332415386,0.7873412099
2019-06-06,"{'INR': 69.2508432452, 'EUR': 0.8876264868, 'GBP': 0.7860642642}",2018-01-01,USD,2020-03-31,0.8876264868,69.2508432452,0.7860642642
2019-06-07,"{'INR': 69.486383394, 'EUR': 0.8870753127000001, 'GBP': 0.7866140335}",2018-01-01,USD,2020-03-31,0.8870753127000001,69.486383394,0.7866140335
2019-06-10,"{'INR': 69.5907441819, 'EUR': 0.8848774445, 'GBP': 0.7897354216}",2018-01-01,USD,2020-03-31,0.8848774445,69.5907441819,0.7897354216
2019-06-11,"{'INR': 69.4483215548, 'EUR': 0.8833922261, 'GBP': 0.7869699647}",2018-01-01,USD,2020-03-31,0.8833922261,69.4483215548,0.7869699647
2019-06-12,"{'INR': 69.3199682063, 'EUR': 0.8831581736, 'GBP': 0.7842886161}",2018-01-01,USD,2020-03-31,0.8831581736,69.3199682063,0.7842886161
2019-06-13,"{'INR': 69.5141287979, 'EUR': 0.885818053, 'GBP': 0.7879174418}",2018-01-01,USD,2020-03-31,0.885818053,69.5141287979,0.7879174418
2019-06-14,"{'INR': 69.7807367954, 'EUR': 0.8877052818000001, 'GBP': 0.7908832668}",2018-01-01,USD,2020-03-31,0.8877052818000001,69.7807367954,0.7908832668
2019-06-17,"{'INR': 69.9457005519, 'EUR': 0.890154887, 'GBP': 0.7940893716}",2018-01-01,USD,2020-03-31,0.890154887,69.9457005519,0.7940893716
2019-06-18,"{'INR': 69.7242334853, 'EUR': 0.8938946992000001, 'GBP': 0.7991686779}",2018-01-01,USD,2020-03-31,0.8938946992000001,69.7242334853,0.7991686779
2019-06-19,"{'INR': 69.6667261533, 'EUR': 0.8922994557, 'GBP': 0.7943249755}",2018-01-01,USD,2020-03-31,0.8922994557,69.6667261533,0.7943249755
2019-06-20,"{'INR': 69.4317679314, 'EUR': 0.8844078889, 'GBP': 0.7884938534}",2018-01-01,USD,2020-03-31,0.8844078889,69.4317679314,0.7884938534
2019-06-21,"{'INR': 69.5462177448, 'EUR': 0.8837044892, 'GBP': 0.7902527395000001}",2018-01-01,USD,2020-03-31,0.8837044892,69.5462177448,0.7902527395000001
2019-06-24,"{'INR': 69.4106547306, 'EUR': 0.8776549061000001, 'GBP': 0.7843163068}",2018-01-01,USD,2020-03-31,0.8776549061000001,69.4106547306,0.7843163068
2019-06-25,"{'INR': 69.3471197752, 'EUR': 0.8781173165, 'GBP': 0.7857832806}",2018-01-01,USD,2020-03-31,0.8781173165,69.3471197752,0.7857832806
2019-06-26,"{'INR': 69.1519978877, 'EUR': 0.8801267383, 'GBP': 0.7886199613}",2018-01-01,USD,2020-03-31,0.8801267383,69.1519978877,0.7886199613
2019-06-27,"{'INR': 69.100703606, 'EUR': 0.8795074758, 'GBP': 0.7865259455}",2018-01-01,USD,2020-03-31,0.8795074758,69.100703606,0.7865259455
2019-06-28,"{'INR': 69.0017574692, 'EUR': 0.8787346221000001, 'GBP': 0.7878295255000001}",2018-01-01,USD,2020-03-31,0.8787346221000001,69.0017574692,0.7878295255000001
2019-07-01,"{'INR': 68.9364701736, 'EUR': 0.8811349018, 'GBP': 0.7905366112000001}",2018-01-01,USD,2020-03-31,0.8811349018,68.9364701736,0.7905366112000001
2019-07-02,"{'INR': 68.956729493, 'EUR': 0.8848774445, 'GBP': 0.7914609327000001}",2018-01-01,USD,2020-03-31,0.8848774445,68.956729493,0.7914609327000001
2019-07-03,"{'INR': 68.8453023997, 'EUR': 0.8855042947, 'GBP': 0.7947401045}",2018-01-01,USD,2020-03-31,0.8855042947,68.8453023997,0.7947401045
2019-07-04,"{'INR': 68.5094790928, 'EUR': 0.8858965273, 'GBP': 0.7949149539}",2018-01-01,USD,2020-03-31,0.8858965273,68.5094790928,0.7949149539
2019-07-05,"{'INR': 68.4809058615, 'EUR': 0.8880994671, 'GBP': 0.7966518650000001}",2018-01-01,USD,2020-03-31,0.8880994671,68.4809058615,0.7966518650000001
2019-07-08,"{'INR': 68.5648684797, 'EUR': 0.8916629514000001, 'GBP': 0.7991529202000001}",2018-01-01,USD,2020-03-31,0.8916629514000001,68.5648684797,0.7991529202000001
2019-07-09,"{'INR': 68.5238732709, 'EUR': 0.8924587238, 'GBP': 0.8029897367000001}",2018-01-01,USD,2020-03-31,0.8924587238,68.5238732709,0.8029897367000001
2019-07-10,"{'INR': 68.5837789661, 'EUR': 0.8912655971000001, 'GBP': 0.8014973262}",2018-01-01,USD,2020-03-31,0.8912655971000001,68.5837789661,0.8014973262
2019-07-11,"{'INR': 68.3646433319, 'EUR': 0.8861320337, 'GBP': 0.7956579530000001}",2018-01-01,USD,2020-03-31,0.8861320337,68.3646433319,0.7956579530000001
2019-07-12,"{'INR': 68.6412512219, 'EUR': 0.8886519150000001, 'GBP': 0.7979027815}",2018-01-01,USD,2020-03-31,0.8886519150000001,68.6412512219,0.7979027815
2019-07-15,"{'INR': 68.5247138167, 'EUR': 0.8873901855, 'GBP': 0.7975241814}",2018-01-01,USD,2020-03-31,0.8873901855,68.5247138167,0.7975241814
2019-07-16,"{'INR': 68.6866256794, 'EUR': 0.8910273545, 'GBP': 0.8042412902}",2018-01-01,USD,2020-03-31,0.8910273545,68.6866256794,0.8042412902
2019-07-17,"{'INR': 68.8662505573, 'EUR': 0.8916629514000001, 'GBP': 0.8055283103}",2018-01-01,USD,2020-03-31,0.8916629514000001,68.8662505573,0.8055283103
2019-07-18,"{'INR': 68.8993402282, 'EUR': 0.8915834522, 'GBP': 0.8011144793}",2018-01-01,USD,2020-03-31,0.8915834522,68.8993402282,0.8011144793
2019-07-19,"{'INR': 68.8174772849, 'EUR': 0.8907892393, 'GBP': 0.7984589346000001}",2018-01-01,USD,2020-03-31,0.8907892393,68.8174772849,0.7984589346000001
2019-07-22,"{'INR': 68.9331252786, 'EUR': 0.8916629514000001, 'GBP': 0.8022113241000001}",2018-01-01,USD,2020-03-31,0.8916629514000001,68.9331252786,0.8022113241000001
2019-07-23,"{'INR': 68.9295623378, 'EUR': 0.8950147677, 'GBP': 0.8039917659}",2018-01-01,USD,2020-03-31,0.8950147677,68.9295623378,0.8039917659
2019-07-24,"{'INR': 68.9663375224, 'EUR': 0.8976660682000001, 'GBP': 0.8002064632}",2018-01-01,USD,2020-03-31,0.8976660682000001,68.9663375224,0.8002064632
2019-07-25,"{'INR': 68.9833558255, 'EUR': 0.8996851102000001, 'GBP': 0.8003868646000001}",2018-01-01,USD,2020-03-31,0.8996851102000001,68.9833558255,0.8003868646000001
2019-07-26,"{'INR': 68.8992637816, 'EUR': 0.8978272580000001, 'GBP': 0.8047495062000001}",2018-01-01,USD,2020-03-31,0.8978272580000001,68.8992637816,0.8047495062000001
2019-07-29,"{'INR': 68.77776778489999, 'EUR': 0.8993614534000001, 'GBP': 0.8134094793000001}",2018-01-01,USD,2020-03-31,0.8993614534000001,68.77776778489999,0.8134094793000001
2019-07-30,"{'INR': 68.8161197777, 'EUR': 0.8965393581000001, 'GBP': 0.8217052179000001}",2018-01-01,USD,2020-03-31,0.8965393581000001,68.8161197777,0.8217052179000001
2019-07-31,"{'INR': 68.7799300511, 'EUR': 0.8967805578, 'GBP': 0.8216572505}",2018-01-01,USD,2020-03-31,0.8967805578,68.7799300511,0.8216572505
2019-08-01,"{'INR': 69.1057352541, 'EUR': 0.9060433089000001, 'GBP': 0.8258584760000001}",2018-01-01,USD,2020-03-31,0.9060433089000001,69.1057352541,0.8258584760000001
2019-08-02,"{'INR': 69.6380334954, 'EUR': 0.9004141905, 'GBP': 0.8239240050000001}",2018-01-01,USD,2020-03-31,0.9004141905,69.6380334954,0.8239240050000001
2019-08-05,"{'INR': 70.7859953497, 'EUR': 0.8942944017000001, 'GBP': 0.8216776963}",2018-01-01,USD,2020-03-31,0.8942944017000001,70.7859953497,0.8216776963
2019-08-06,"{'INR': 70.8098685975, 'EUR': 0.8938946992000001, 'GBP': 0.8208635023}",2018-01-01,USD,2020-03-31,0.8938946992000001,70.8098685975,0.8208635023
2019-08-07,"{'INR': 70.8819853598, 'EUR': 0.8926977325000001, 'GBP': 0.8244331369000001}",2018-01-01,USD,2020-03-31,0.8926977325000001,70.8819853598,0.8244331369000001
2019-08-08,"{'INR': 70.7361743947, 'EUR': 0.8934155276, 'GBP': 0.8229697132}",2018-01-01,USD,2020-03-31,0.8934155276,70.7361743947,0.8229697132
2019-08-09,"{'INR': 70.8104125737, 'EUR': 0.8930166101, 'GBP': 0.8288980175}",2018-01-01,USD,2020-03-31,0.8930166101,70.8104125737,0.8288980175
2019-08-12,"{'INR': 71.2399499732, 'EUR': 0.8933357156, 'GBP': 0.827362873}",2018-01-01,USD,2020-03-31,0.8933357156,71.2399499732,0.827362873
2019-08-13,"{'INR': 71.4547317769, 'EUR': 0.8911067546, 'GBP': 0.8272144003}",2018-01-01,USD,2020-03-31,0.8911067546,71.4547317769,0.8272144003
2019-08-14,"{'INR': 71.2750268144, 'EUR': 0.8938148016, 'GBP': 0.8283249911}",2018-01-01,USD,2020-03-31,0.8938148016,71.2750268144,0.8283249911
2019-08-15,"{'INR': 71.3188340807, 'EUR': 0.8968609865, 'GBP': 0.8238834081}",2018-01-01,USD,2020-03-31,0.8968609865,71.3188340807,0.8238834081
2019-08-16,"{'INR': 71.1484290358, 'EUR': 0.9028530155000001, 'GBP': 0.8218941856}",2018-01-01,USD,2020-03-31,0.9028530155000001,71.1484290358,0.8218941856
2019-08-19,"{'INR': 71.4041250113, 'EUR': 0.90065748, 'GBP': 0.8248491399000001}",2018-01-01,USD,2020-03-31,0.90065748,71.4041250113,0.8248491399000001
2019-08-20,"{'INR': 71.7235464066, 'EUR': 0.9028530155000001, 'GBP': 0.8272210184000001}",2018-01-01,USD,2020-03-31,0.9028530155000001,71.7235464066,0.8272210184000001
2019-08-21,"{'INR': 71.5647514409, 'EUR': 0.9005763689, 'GBP': 0.8244326369}",2018-01-01,USD,2020-03-31,0.9005763689,71.5647514409,0.8244326369
2019-08-22,"{'INR': 71.811783813, 'EUR': 0.9022827754, 'GBP': 0.8224307498000001}",2018-01-01,USD,2020-03-31,0.9022827754,71.811783813,0.8224307498000001
2019-08-23,"{'INR': 71.6710347944, 'EUR': 0.9037505648, 'GBP': 0.8174694984}",2018-01-01,USD,2020-03-31,0.9037505648,71.6710347944,0.8174694984
2019-08-26,"{'INR': 72.025008996, 'EUR': 0.8996041742, 'GBP': 0.8169125585}",2018-01-01,USD,2020-03-31,0.8996041742,72.025008996,0.8169125585
2019-08-27,"{'INR': 71.5260266571, 'EUR': 0.9005763689, 'GBP': 0.8144362392000001}",2018-01-01,USD,2020-03-31,0.9005763689,71.5260266571,0.8144362392000001
2019-08-28,"{'INR': 71.8131372372, 'EUR': 0.9022827754, 'GBP': 0.8194802851}",2018-01-01,USD,2020-03-31,0.9022827754,71.8131372372,0.8194802851
2019-08-29,"{'INR': 71.659591763, 'EUR': 0.9031791908000001, 'GBP': 0.8176571532}",2018-01-01,USD,2020-03-31,0.9031791908000001,71.659591763,0.8176571532
2019-08-30,"{'INR': 71.4357557086, 'EUR': 0.9061254078000001, 'GBP': 0.8206324755000001}",2018-01-01,USD,2020-03-31,0.9061254078000001,71.4357557086,0.8206324755000001
2019-09-02,"{'INR': 71.9292487236, 'EUR': 0.9117432531, 'GBP': 0.8280452225}",2018-01-01,USD,2020-03-31,0.9117432531,71.9292487236,0.8280452225
2019-09-03,"{'INR': 72.411995977, 'EUR': 0.9143275121000001, 'GBP': 0.8309865594}",2018-01-01,USD,2020-03-31,0.9143275121000001,72.411995977,0.8309865594
2019-09-04,"{'INR': 72.0539117807, 'EUR': 0.9076057361000001, 'GBP': 0.8191595571}",2018-01-01,USD,2020-03-31,0.9076057361000001,72.0539117807,0.8191595571
2019-09-05,"{'INR': 71.814523422, 'EUR': 0.9043226623, 'GBP': 0.8100922409}",2018-01-01,USD,2020-03-31,0.9043226623,71.814523422,0.8100922409
2019-09-06,"{'INR': 71.7153350866, 'EUR': 0.9068649678, 'GBP': 0.8128684139}",2018-01-01,USD,2020-03-31,0.9068649678,71.7153350866,0.8128684139
2019-09-09,"{'INR': 71.6772410043, 'EUR': 0.9063717937, 'GBP': 0.8091634188}",2018-01-01,USD,2020-03-31,0.9063717937,71.6772410043,0.8091634188
2019-09-10,"{'INR': 71.9035326087, 'EUR': 0.9057971014, 'GBP': 0.8088768116}",2018-01-01,USD,2020-03-31,0.9057971014,71.9035326087,0.8088768116
2019-09-11,"{'INR': 71.6822684722, 'EUR': 0.9088430428000001, 'GBP': 0.8100790693000001}",2018-01-01,USD,2020-03-31,0.9088430428000001,71.6822684722,0.8100790693000001
2019-09-12,"{'INR': 71.1465839642, 'EUR': 0.9121590805, 'GBP': 0.8110918544}",2018-01-01,USD,2020-03-31,0.9121590805,71.1465839642,0.8110918544
2019-09-13,"{'INR': 70.9638608508, 'EUR': 0.9012256669, 'GBP': 0.8029289834000001}",2018-01-01,USD,2020-03-31,0.9012256669,70.9638608508,0.8029289834000001
2019-09-16,"{'INR': 71.6004895295, 'EUR': 0.9065361255000001, 'GBP': 0.8023751246}",2018-01-01,USD,2020-03-31,0.9065361255000001,71.6004895295,0.8023751246
2019-09-17,"{'INR': 71.7821512788, 'EUR': 0.9069472157, 'GBP': 0.8054870307}",2018-01-01,USD,2020-03-31,0.9069472157,71.7821512788,0.8054870307
2019-09-18,"{'INR': 71.208721614, 'EUR': 0.904731747, 'GBP': 0.802678006}",2018-01-01,USD,2020-03-31,0.904731747,71.208721614,0.802678006
2019-09-19,"{'INR': 71.323303515, 'EUR': 0.9035872413, 'GBP': 0.8017981386}",2018-01-01,USD,2020-03-31,0.9035872413,71.323303515,0.8017981386
2019-09-20,"{'INR': 70.9814143246, 'EUR': 0.9066183137, 'GBP': 0.7999093382}",2018-01-01,USD,2020-03-31,0.9066183137,70.9814143246,0.7999093382
2019-09-23,"{'INR': 70.9517523896, 'EUR': 0.9103322713, 'GBP': 0.8042148384000001}",2018-01-01,USD,2020-03-31,0.9103322713,70.9517523896,0.8042148384000001
2019-09-24,"{'INR': 70.9474688721, 'EUR': 0.9088430428000001, 'GBP': 0.8011724075000001}",2018-01-01,USD,2020-03-31,0.9088430428000001,70.9474688721,0.8011724075000001
2019-09-25,"{'INR': 71.0448916409, 'EUR': 0.9105809506, 'GBP': 0.8073939173}",2018-01-01,USD,2020-03-31,0.9105809506,71.0448916409,0.8073939173
2019-09-26,"{'INR': 70.9087584568, 'EUR': 0.9142439203, 'GBP': 0.8091515816}",2018-01-01,USD,2020-03-31,0.9142439203,70.9087584568,0.8091515816
2019-09-27,"{'INR': 70.4787379973, 'EUR': 0.9144947417, 'GBP': 0.8118701417}",2018-01-01,USD,2020-03-31,0.9144947417,70.4787379973,0.8118701417
2019-09-30,"{'INR': 70.8618789604, 'EUR': 0.9183579759, 'GBP': 0.81341721}",2018-01-01,USD,2020-03-31,0.9183579759,70.8618789604,0.81341721
2019-10-01,"{'INR': 71.1066250688, 'EUR': 0.9175995596000001, 'GBP': 0.8162506882}",2018-01-01,USD,2020-03-31,0.9175995596000001,71.1066250688,0.8162506882
2019-10-02,"{'INR': 71.23798627, 'EUR': 0.9153318078, 'GBP': 0.8143707094}",2018-01-01,USD,2020-03-31,0.9153318078,71.23798627,0.8143707094
2019-10-03,"{'INR': 70.9665783947, 'EUR': 0.9131586157, 'GBP': 0.8107935348}",2018-01-01,USD,2020-03-31,0.9131586157,70.9665783947,0.8107935348
2019-10-04,"{'INR': 70.9003552236, 'EUR': 0.9108297659000001, 'GBP': 0.8110483651}",2018-01-01,USD,2020-03-31,0.9108297659000001,70.9003552236,0.8110483651
2019-10-07,"{'INR': 70.9938142454, 'EUR': 0.9096697899, 'GBP': 0.8110161012}",2018-01-01,USD,2020-03-31,0.9096697899,70.9938142454,0.8110161012
2019-10-08,"{'INR': 71.1305297652, 'EUR': 0.9102494083, 'GBP': 0.8173584562}",2018-01-01,USD,2020-03-31,0.9102494083,71.1305297652,0.8173584562
2019-10-09,"{'INR': 71.0627447409, 'EUR': 0.910663874, 'GBP': 0.8182314908}",2018-01-01,USD,2020-03-31,0.910663874,71.0627447409,0.8182314908
2019-10-10,"{'INR': 71.0385312783, 'EUR': 0.9066183137, 'GBP': 0.8173617407}",2018-01-01,USD,2020-03-31,0.9066183137,71.0385312783,0.8173617407
2019-10-11,"{'INR': 71.0744362945, 'EUR': 0.9055510278000001, 'GBP': 0.7925201485000001}",2018-01-01,USD,2020-03-31,0.9055510278000001,71.0744362945,0.7925201485000001
2019-10-14,"{'INR': 71.185295984, 'EUR': 0.9065361255000001, 'GBP': 0.7975976793}",2018-01-01,USD,2020-03-31,0.9065361255000001,71.185295984,0.7975976793
2019-10-15,"{'INR': 71.4963205233, 'EUR': 0.9085127646000001, 'GBP': 0.7909330426000001}",2018-01-01,USD,2020-03-31,0.9085127646000001,71.4963205233,0.7909330426000001
2019-10-16,"{'INR': 71.4448979592, 'EUR': 0.9070294785, 'GBP': 0.7851247166}",2018-01-01,USD,2020-03-31,0.9070294785,71.4448979592,0.7851247166
2019-10-17,"{'INR': 71.158553046, 'EUR': 0.8998470260000001, 'GBP': 0.7814271574}",2018-01-01,USD,2020-03-31,0.8998470260000001,71.158553046,0.7814271574
2019-10-18,"{'INR': 71.1355886576, 'EUR': 0.8973438622000001, 'GBP': 0.7756191673}",2018-01-01,USD,2020-03-31,0.8973438622000001,71.1355886576,0.7756191673
2019-10-21,"{'INR': 70.8574241475, 'EUR': 0.8950147677, 'GBP': 0.7690861899}",2018-01-01,USD,2020-03-31,0.8950147677,70.8574241475,0.7690861899
2019-10-22,"{'INR': 70.9115004492, 'EUR': 0.8984725966, 'GBP': 0.7732704403}",2018-01-01,USD,2020-03-31,0.8984725966,70.9115004492,0.7732704403
2019-10-23,"{'INR': 70.8662231412, 'EUR': 0.8990380293, 'GBP': 0.7768407804}",2018-01-01,USD,2020-03-31,0.8990380293,70.8662231412,0.7768407804
2019-10-24,"{'INR': 71.0118619698, 'EUR': 0.8986340762, 'GBP': 0.7754133717}",2018-01-01,USD,2020-03-31,0.8986340762,71.0118619698,0.7754133717
2019-10-25,"{'INR': 70.9025839561, 'EUR': 0.9003331233, 'GBP': 0.7796704781}",2018-01-01,USD,2020-03-31,0.9003331233,70.9025839561,0.7796704781
2019-10-28,"{'INR': 70.7454676648, 'EUR': 0.9019572472, 'GBP': 0.7786416524}",2018-01-01,USD,2020-03-31,0.9019572472,70.7454676648,0.7786416524
2019-10-29,"{'INR': 70.8562415502, 'EUR': 0.901306895, 'GBP': 0.7780802163}",2018-01-01,USD,2020-03-31,0.901306895,70.8562415502,0.7780802163
2019-10-30,"{'INR': 70.926075995, 'EUR': 0.9004141905, 'GBP': 0.7761570322}",2018-01-01,USD,2020-03-31,0.9004141905,70.926075995,0.7761570322
2019-10-31,"{'INR': 70.9274699659, 'EUR': 0.8965393581000001, 'GBP': 0.7722162453}",2018-01-01,USD,2020-03-31,0.8965393581000001,70.9274699659,0.7722162453
2019-11-01,"{'INR': 70.7568004309, 'EUR': 0.8977466559, 'GBP': 0.7721339438}",2018-01-01,USD,2020-03-31,0.8977466559,70.7568004309,0.7721339438
2019-11-04,"{'INR': 70.7299695286, 'EUR': 0.8962179602, 'GBP': 0.7740455279}",2018-01-01,USD,2020-03-31,0.8962179602,70.7299695286,0.7740455279
2019-11-05,"{'INR': 70.6895310109, 'EUR': 0.9001710325000001, 'GBP': 0.7751642812}",2018-01-01,USD,2020-03-31,0.9001710325000001,70.6895310109,0.7751642812
2019-11-06,"{'INR': 70.9517583408, 'EUR': 0.9017132552, 'GBP': 0.7757709648000001}",2018-01-01,USD,2020-03-31,0.9017132552,70.9517583408,0.7757709648000001
2019-11-07,"{'INR': 70.9117992236, 'EUR': 0.9027715085, 'GBP': 0.7803737474}",2018-01-01,USD,2020-03-31,0.9027715085,70.9117992236,0.7803737474
2019-11-08,"{'INR': 71.2814935653, 'EUR': 0.9062896502000001, 'GBP': 0.7808410368}",2018-01-01,USD,2020-03-31,0.9062896502000001,71.2814935653,0.7808410368
2019-11-11,"{'INR': 71.5428856082, 'EUR': 0.9057150620000001, 'GBP': 0.7765872656}",2018-01-01,USD,2020-03-31,0.9057150620000001,71.5428856082,0.7765872656
2019-11-12,"{'INR': 71.6922378575, 'EUR': 0.9078529278, 'GBP': 0.7791193827}",2018-01-01,USD,2020-03-31,0.9078529278,71.6922378575,0.7791193827
2019-11-13,"{'INR': 72.0688715246, 'EUR': 0.9085953116000001, 'GBP': 0.7792113393000001}",2018-01-01,USD,2020-03-31,0.9085953116000001,72.0688715246,0.7792113393000001
2019-11-14,"{'INR': 71.9287078294, 'EUR': 0.9093389106, 'GBP': 0.7787851232}",2018-01-01,USD,2020-03-31,0.9093389106,71.9287078294,0.7787851232
2019-11-15,"{'INR': 71.7446075766, 'EUR': 0.9062896502000001, 'GBP': 0.7763277143}",2018-01-01,USD,2020-03-31,0.9062896502000001,71.7446075766,0.7763277143
2019-11-18,"{'INR': 71.8072507007, 'EUR': 0.904077389, 'GBP': 0.7714492361}",2018-01-01,USD,2020-03-31,0.904077389,71.8072507007,0.7714492361
2019-11-19,"{'INR': 71.6778008486, 'EUR': 0.9027715085, 'GBP': 0.772528663}",2018-01-01,USD,2020-03-31,0.9027715085,71.6778008486,0.772528663
2019-11-20,"{'INR': 71.8175241884, 'EUR': 0.9042408898000001, 'GBP': 0.7750700787}",2018-01-01,USD,2020-03-31,0.9042408898000001,71.8175241884,0.7750700787
2019-11-21,"{'INR': 71.74060048690001, 'EUR': 0.9016319538, 'GBP': 0.7713281039000001}",2018-01-01,USD,2020-03-31,0.9016319538,71.74060048690001,0.7713281039000001
2019-11-22,"{'INR': 71.6865617652, 'EUR': 0.9043226623, 'GBP': 0.7775366251}",2018-01-01,USD,2020-03-31,0.9043226623,71.6865617652,0.7775366251
2019-11-25,"{'INR': 71.7087572674, 'EUR': 0.9084302326, 'GBP': 0.7768441134}",2018-01-01,USD,2020-03-31,0.9084302326,71.7087572674,0.7768441134
2019-11-26,"{'INR': 71.5213248639, 'EUR': 0.9074410163000001, 'GBP': 0.7778130672}",2018-01-01,USD,2020-03-31,0.9074410163000001,71.5213248639,0.7778130672
2019-11-27,"{'INR': 71.3502588791, 'EUR': 0.9083477155, 'GBP': 0.7761831229}",2018-01-01,USD,2020-03-31,0.9083477155,71.3502588791,0.7761831229
2019-11-28,"{'INR': 71.6124488869, 'EUR': 0.9086778737000001, 'GBP': 0.7740118128}",2018-01-01,USD,2020-03-31,0.9086778737000001,71.6124488869,0.7740118128
2019-11-29,"{'INR': 71.651338554, 'EUR': 0.9105809506, 'GBP': 0.7760426152000001}",2018-01-01,USD,2020-03-31,0.9105809506,71.651338554,0.7760426152000001
2019-12-02,"{'INR': 71.6488251837, 'EUR': 0.9071940488, 'GBP': 0.7730926245}",2018-01-01,USD,2020-03-31,0.9071940488,71.6488251837,0.7730926245
2019-12-03,"{'INR': 71.7460030711, 'EUR': 0.9032607714, 'GBP': 0.7695781772}",2018-01-01,USD,2020-03-31,0.9032607714,71.7460030711,0.7695781772
2019-12-04,"{'INR': 71.5291941161, 'EUR': 0.9024456277, 'GBP': 0.7635592456}",2018-01-01,USD,2020-03-31,0.9024456277,71.5291941161,0.7635592456
2019-12-05,"{'INR': 71.2272399495, 'EUR': 0.9013881377, 'GBP': 0.7614025599}",2018-01-01,USD,2020-03-31,0.9013881377,71.2272399495,0.7614025599
2019-12-06,"{'INR': 71.2488732648, 'EUR': 0.9013881377, 'GBP': 0.761249324}",2018-01-01,USD,2020-03-31,0.9013881377,71.2488732648,0.761249324
2019-12-09,"{'INR': 71.067268623, 'EUR': 0.9029345372, 'GBP': 0.7602257336}",2018-01-01,USD,2020-03-31,0.9029345372,71.067268623,0.7602257336
2019-12-10,"{'INR': 70.9226324817, 'EUR': 0.9027715085, 'GBP': 0.7589870904}",2018-01-01,USD,2020-03-31,0.9027715085,70.9226324817,0.7589870904
2019-12-11,"{'INR': 70.8004514673, 'EUR': 0.9029345372, 'GBP': 0.7606772009}",2018-01-01,USD,2020-03-31,0.9029345372,70.8004514673,0.7606772009
2019-12-12,"{'INR': 70.8768070396, 'EUR': 0.8979078747, 'GBP': 0.7592708988}",2018-01-01,USD,2020-03-31,0.8979078747,70.8768070396,0.7592708988
2019-12-13,"{'INR': 70.7544299266, 'EUR': 0.8949346698, 'GBP': 0.747342044}",2018-01-01,USD,2020-03-31,0.8949346698,70.7544299266,0.747342044
2019-12-16,"{'INR': 70.9728153598, 'EUR': 0.8971828459000001, 'GBP': 0.7483850709000001}",2018-01-01,USD,2020-03-31,0.8971828459000001,70.9728153598,0.7483850709000001
2019-12-17,"{'INR': 70.9581616198, 'EUR': 0.8958967927, 'GBP': 0.7592546139}",2018-01-01,USD,2020-03-31,0.8958967927,70.9581616198,0.7592546139
2019-12-18,"{'INR': 70.9806567701, 'EUR': 0.8996851102000001, 'GBP': 0.7652271705}",2018-01-01,USD,2020-03-31,0.8996851102000001,70.9806567701,0.7652271705
2019-12-19,"{'INR': 71.0911217055, 'EUR': 0.8995232527, 'GBP': 0.7652514167000001}",2018-01-01,USD,2020-03-31,0.8995232527,71.0911217055,0.7652514167000001
2019-12-20,"{'INR': 71.1935658286, 'EUR': 0.9011444535, 'GBP': 0.7671713076000001}",2018-01-01,USD,2020-03-31,0.9011444535,71.1935658286,0.7671713076000001
2019-12-23,"{'INR': 71.2826185102, 'EUR': 0.9029345372, 'GBP': 0.7738871332}",2018-01-01,USD,2020-03-31,0.9029345372,71.2826185102,0.7738871332
2019-12-24,"{'INR': 71.2567689531, 'EUR': 0.9025270758, 'GBP': 0.7719584838}",2018-01-01,USD,2020-03-31,0.9025270758,71.2567689531,0.7719584838
2019-12-27,"{'INR': 71.4041065184, 'EUR': 0.8966197436000001, 'GBP': 0.7632923877000001}",2018-01-01,USD,2020-03-31,0.8966197436000001,71.4041065184,0.7632923877000001
2019-12-30,"{'INR': 71.3307712932, 'EUR': 0.8937349182000001, 'GBP': 0.7615336491}",2018-01-01,USD,2020-03-31,0.8937349182000001,71.3307712932,0.7615336491
2019-12-31,"{'INR': 71.3788499199, 'EUR': 0.890154887, 'GBP': 0.7573437778000001}",2018-01-01,USD,2020-03-31,0.890154887,71.3788499199,0.7573437778000001
2020-01-02,"{'INR': 71.3897078531, 'EUR': 0.8934155276, 'GBP': 0.7578665237000001}",2018-01-01,USD,2020-03-31,0.8934155276,71.3897078531,0.7578665237000001
2020-01-03,"{'INR': 71.7758141204, 'EUR': 0.8971023594, 'GBP': 0.7635686732}",2018-01-01,USD,2020-03-31,0.8971023594,71.7758141204,0.7635686732
2020-01-06,"{'INR': 71.9291584778, 'EUR': 0.8933357156, 'GBP': 0.76125603}",2018-01-01,USD,2020-03-31,0.8933357156,71.9291584778,0.76125603
2020-01-07,"{'INR': 71.8447905478, 'EUR': 0.8950948801, 'GBP': 0.7624686717}",2018-01-01,USD,2020-03-31,0.8950948801,71.8447905478,0.7624686717
2020-01-08,"{'INR': 71.7130004498, 'EUR': 0.8996851102000001, 'GBP': 0.7635447593}",2018-01-01,USD,2020-03-31,0.8996851102000001,71.7130004498,0.7635447593
2020-01-09,"{'INR': 71.2529252925, 'EUR': 0.900090009, 'GBP': 0.7676417642000001}",2018-01-01,USD,2020-03-31,0.900090009,71.2529252925,0.7676417642000001
2020-01-10,"{'INR': 70.9507708953, 'EUR': 0.9016319538, 'GBP': 0.76467406}",2018-01-01,USD,2020-03-31,0.9016319538,70.9507708953,0.76467406
2020-01-13,"{'INR': 70.8453172749, 'EUR': 0.8987956139000001, 'GBP': 0.7708071185}",2018-01-01,USD,2020-03-31,0.8987956139000001,70.8453172749,0.7708071185
2020-01-14,"{'INR': 70.8308591993, 'EUR': 0.8996851102000001, 'GBP': 0.7702923977}",2018-01-01,USD,2020-03-31,0.8996851102000001,70.8308591993,0.7702923977
2020-01-15,"{'INR': 70.7974331359, 'EUR': 0.8975049363000001, 'GBP': 0.7690091546000001}",2018-01-01,USD,2020-03-31,0.8975049363000001,70.7974331359,0.7690091546000001
2020-01-16,"{'INR': 70.9293580446, 'EUR': 0.8953353031, 'GBP': 0.7652430835}",2018-01-01,USD,2020-03-31,0.8953353031,70.9293580446,0.7652430835
2020-01-17,"{'INR': 71.0809326611, 'EUR': 0.9002520706, 'GBP': 0.7661595247}",2018-01-01,USD,2020-03-31,0.9002520706,71.0809326611,0.7661595247
2020-01-20,"{'INR': 71.0726206585, 'EUR': 0.9021199820000001, 'GBP': 0.7692828146}",2018-01-01,USD,2020-03-31,0.9021199820000001,71.0726206585,0.7692828146
2020-01-21,"{'INR': 71.196131354, 'EUR': 0.8996851102000001, 'GBP': 0.7650022492}",2018-01-01,USD,2020-03-31,0.8996851102000001,71.196131354,0.7650022492
2020-01-22,"{'INR': 71.1277958153, 'EUR': 0.9018759019, 'GBP': 0.7615891053}",2018-01-01,USD,2020-03-31,0.9018759019,71.1277958153,0.7615891053
2020-01-23,"{'INR': 71.3159318366, 'EUR': 0.9016319538, 'GBP': 0.7618609684000001}",2018-01-01,USD,2020-03-31,0.9016319538,71.3159318366,0.7618609684000001
2020-01-24,"{'INR': 71.2913457182, 'EUR': 0.9062075215000001, 'GBP': 0.7640507476}",2018-01-01,USD,2020-03-31,0.9062075215000001,71.2913457182,0.7640507476
2020-01-27,"{'INR': 71.4217687075, 'EUR': 0.9070294785, 'GBP': 0.7651519274}",2018-01-01,USD,2020-03-31,0.9070294785,71.4217687075,0.7651519274
2020-01-28,"{'INR': 71.2898682417, 'EUR': 0.9086778737000001, 'GBP': 0.7687687415000001}",2018-01-01,USD,2020-03-31,0.9086778737000001,71.2898682417,0.7687687415000001
2020-01-29,"{'INR': 71.2817016635, 'EUR': 0.909008272, 'GBP': 0.7688391964}",2018-01-01,USD,2020-03-31,0.909008272,71.2817016635,0.7688391964
2020-01-30,"{'INR': 71.6393145344, 'EUR': 0.9067005168000001, 'GBP': 0.7632876961}",2018-01-01,USD,2020-03-31,0.9067005168000001,71.6393145344,0.7632876961
2020-01-31,"{'INR': 71.3947701773, 'EUR': 0.9048136084, 'GBP': 0.7616268549}",2018-01-01,USD,2020-03-31,0.9048136084,71.3947701773,0.7616268549
2020-02-03,"{'INR': 71.3930056027, 'EUR': 0.9036688957000001, 'GBP': 0.7660853063}",2018-01-01,USD,2020-03-31,0.9036688957000001,71.3930056027,0.7660853063
2020-02-04,"{'INR': 71.245474294, 'EUR': 0.905141202, 'GBP': 0.7682838523000001}",2018-01-01,USD,2020-03-31,0.905141202,71.245474294,0.7682838523000001
2020-02-05,"{'INR': 71.1539508301, 'EUR': 0.9071940488, 'GBP': 0.7660709426000001}",2018-01-01,USD,2020-03-31,0.9071940488,71.1539508301,0.7660709426000001
2020-02-06,"{'INR': 71.1483231846, 'EUR': 0.9088430428000001, 'GBP': 0.7710169954}",2018-01-01,USD,2020-03-31,0.9088430428000001,71.1483231846,0.7710169954
2020-02-07,"{'INR': 71.4399671802, 'EUR': 0.9116601331, 'GBP': 0.7723584648}",2018-01-01,USD,2020-03-31,0.9116601331,71.4399671802,0.7723584648
2020-02-10,"{'INR': 71.3240799927, 'EUR': 0.9131586157, 'GBP': 0.7727878733}",2018-01-01,USD,2020-03-31,0.9131586157,71.3240799927,0.7727878733
2020-02-11,"{'INR': 71.2728190074, 'EUR': 0.9173470324, 'GBP': 0.7735528851}",2018-01-01,USD,2020-03-31,0.9173470324,71.2728190074,0.7735528851
2020-02-12,"{'INR': 71.3161993769, 'EUR': 0.9162543522000001, 'GBP': 0.7701850834}",2018-01-01,USD,2020-03-31,0.9162543522000001,71.3161993769,0.7701850834
2020-02-13,"{'INR': 71.2703598049, 'EUR': 0.9202171713, 'GBP': 0.7672310665000001}",2018-01-01,USD,2020-03-31,0.9202171713,71.2703598049,0.7672310665000001
2020-02-14,"{'INR': 71.4499169895, 'EUR': 0.9223390518000001, 'GBP': 0.7674598783000001}",2018-01-01,USD,2020-03-31,0.9223390518000001,71.4499169895,0.7674598783000001
2020-02-17,"{'INR': 71.3816335948, 'EUR': 0.9229349331000001, 'GBP': 0.7682325796}",2018-01-01,USD,2020-03-31,0.9229349331000001,71.3816335948,0.7682325796
2020-02-18,"{'INR': 71.5514053254, 'EUR': 0.924556213, 'GBP': 0.7672429734}",2018-01-01,USD,2020-03-31,0.924556213,71.5514053254,0.7672429734
2020-02-19,"{'INR': 71.5134259259, 'EUR': 0.9259259259, 'GBP': 0.7698888889000001}",2018-01-01,USD,2020-03-31,0.9259259259,71.5134259259,0.7698888889000001
2020-02-20,"{'INR': 71.6167747915, 'EUR': 0.9267840593000001, 'GBP': 0.7770157553}",2018-01-01,USD,2020-03-31,0.9267840593000001,71.6167747915,0.7770157553
2020-02-21,"{'INR': 71.9877789094, 'EUR': 0.9258402, 'GBP': 0.773169151}",2018-01-01,USD,2020-03-31,0.9258402,71.9877789094,0.773169151
2020-02-24,"{'INR': 71.9416712886, 'EUR': 0.9243852838000001, 'GBP': 0.774939915}",2018-01-01,USD,2020-03-31,0.9243852838000001,71.9416712886,0.774939915
2020-02-25,"{'INR': 71.7011070111, 'EUR': 0.9225092251, 'GBP': 0.7714944649000001}",2018-01-01,USD,2020-03-31,0.9225092251,71.7011070111,0.7714944649000001
2020-02-26,"{'INR': 71.6501149425, 'EUR': 0.9195402299000001, 'GBP': 0.7737931034000001}",2018-01-01,USD,2020-03-31,0.9195402299000001,71.6501149425,0.7737931034000001
2020-02-27,"{'INR': 71.6326158336, 'EUR': 0.9120758847, 'GBP': 0.7752188982}",2018-01-01,USD,2020-03-31,0.9120758847,71.6326158336,0.7752188982
2020-02-28,"{'INR': 72.228295527, 'EUR': 0.9109957183, 'GBP': 0.7772159971}",2018-01-01,USD,2020-03-31,0.9109957183,72.228295527,0.7772159971
2020-03-02,"{'INR': 72.7540010789, 'EUR': 0.8991188635, 'GBP': 0.7832494156}",2018-01-01,USD,2020-03-31,0.8991188635,72.7540010789,0.7832494156
2020-03-03,"{'INR': 73.2472789422, 'EUR': 0.8995232527, 'GBP': 0.7826751822}",2018-01-01,USD,2020-03-31,0.8995232527,73.2472789422,0.7826751822
2020-03-04,"{'INR': 73.2606741573, 'EUR': 0.8988764045000001, 'GBP': 0.7806741573}",2018-01-01,USD,2020-03-31,0.8988764045000001,73.2606741573,0.7806741573
2020-03-05,"{'INR': 73.4361312237, 'EUR': 0.8938946992000001, 'GBP': 0.7747385358000001}",2018-01-01,USD,2020-03-31,0.8938946992000001,73.4361312237,0.7747385358000001
2020-03-06,"{'INR': 73.7350035286, 'EUR': 0.8821453776, 'GBP': 0.7689220183000001}",2018-01-01,USD,2020-03-31,0.8821453776,73.7350035286,0.7689220183000001
2020-03-09,"{'INR': 74.1620111732, 'EUR': 0.8729050279, 'GBP': 0.7627706006}",2018-01-01,USD,2020-03-31,0.8729050279,74.1620111732,0.7627706006
2020-03-10,"{'INR': 73.8454784899, 'EUR': 0.8779631255, 'GBP': 0.7672080773000001}",2018-01-01,USD,2020-03-31,0.8779631255,73.8454784899,0.7672080773000001
2020-03-11,"{'INR': 73.6781051517, 'EUR': 0.8821453776, 'GBP': 0.7735532816}",2018-01-01,USD,2020-03-31,0.8821453776,73.6781051517,0.7735532816
2020-03-12,"{'INR': 74.2597864769, 'EUR': 0.8896797153, 'GBP': 0.7884608541}",2018-01-01,USD,2020-03-31,0.8896797153,74.2597864769,0.7884608541
2020-03-13,"{'INR': 73.7360410663, 'EUR': 0.9005763689, 'GBP': 0.8021433718000001}",2018-01-01,USD,2020-03-31,0.9005763689,73.7360410663,0.8021433718000001
2020-03-16,"{'INR': 74.2202204894, 'EUR': 0.8962982881, 'GBP': 0.8148964775}",2018-01-01,USD,2020-03-31,0.8962982881,74.2202204894,0.8148964775
2020-03-17,"{'INR': 74.2733564014, 'EUR': 0.9105809506, 'GBP': 0.8270169368}",2018-01-01,USD,2020-03-31,0.9105809506,74.2733564014,0.8270169368
2020-03-18,"{'INR': 74.2047740991, 'EUR': 0.9145783794000001, 'GBP': 0.8431498079}",2018-01-01,USD,2020-03-31,0.9145783794000001,74.2047740991,0.8431498079
2020-03-19,"{'INR': 75.1226738265, 'EUR': 0.9258402, 'GBP': 0.86089251}",2018-01-01,USD,2020-03-31,0.9258402,75.1226738265,0.86089251
2020-03-20,"{'INR': 75.1517698702, 'EUR': 0.9339684319, 'GBP': 0.8501727842}",2018-01-01,USD,2020-03-31,0.9339684319,75.1517698702,0.8501727842
2020-03-23,"{'INR': 76.1620142817, 'EUR': 0.9273856997000001, 'GBP': 0.8621904850000001}",2018-01-01,USD,2020-03-31,0.9273856997000001,76.1620142817,0.8621904850000001
2020-03-24,"{'INR': 75.9549940053, 'EUR': 0.9222539887000001, 'GBP': 0.8493959236}",2018-01-01,USD,2020-03-31,0.9222539887000001,75.9549940053,0.8493959236
2020-03-25,"{'INR': 76.3821926665, 'EUR': 0.9236168837000001, 'GBP': 0.8451371571}",2018-01-01,USD,2020-03-31,0.9236168837000001,76.3821926665,0.8451371571
2020-03-26,"{'INR': 75.1611875057, 'EUR': 0.910663874, 'GBP': 0.8318732356}",2018-01-01,USD,2020-03-31,0.910663874,75.1611875057,0.8318732356
2020-03-27,"{'INR': 75.4937596793, 'EUR': 0.9109957183, 'GBP': 0.8175548875}",2018-01-01,USD,2020-03-31,0.9109957183,75.4937596793,0.8175548875
2020-03-30,"{'INR': 75.6751857894, 'EUR': 0.9062896502000001, 'GBP': 0.805691499}",2018-01-01,USD,2020-03-31,0.9062896502000001,75.6751857894,0.805691499
2020-03-31,"{'INR': 75.6649324571, 'EUR': 0.9127418766000001, 'GBP': 0.8090817817}",2018-01-01,USD,2020-03-31,0.9127418766000001,75.6649324571,0.8090817817
